;This file was generated by make_test_image.py
;Identifier is the unique number written into each sector half
;All numbers in hexadecimal

;PET Track, PET Sector, PET Sector Half (0 or 1), Identifier
01,00,0,0000
01,00,1,0001
01,01,0,0002
01,01,1,0003
01,02,0,0004
01,02,1,0005
01,03,0,0006
01,03,1,0007
01,04,0,0008
01,04,1,0009
01,05,0,000A
01,05,1,000B
01,06,0,000C
01,06,1,000D
01,07,0,000E
01,07,1,000F
01,08,0,0010
01,08,1,0011
01,09,0,0012
01,09,1,0013
01,0A,0,0014
01,0A,1,0015
01,0B,0,0016
01,0B,1,0017
01,0C,0,0018
01,0C,1,0019
01,0D,0,001A
01,0D,1,001B
01,0E,0,001C
01,0E,1,001D
01,0F,0,001E
01,0F,1,001F
01,10,0,0020
01,10,1,0021
01,11,0,0022
01,11,1,0023
01,12,0,0024
01,12,1,0025
01,13,0,0026
01,13,1,0027
01,14,0,0028
01,14,1,0029
02,00,0,002A
02,00,1,002B
02,01,0,002C
02,01,1,002D
02,02,0,002E
02,02,1,002F
02,03,0,0030
02,03,1,0031
02,04,0,0032
02,04,1,0033
02,05,0,0034
02,05,1,0035
02,06,0,0036
02,06,1,0037
02,07,0,0038
02,07,1,0039
02,08,0,003A
02,08,1,003B
02,09,0,003C
02,09,1,003D
02,0A,0,003E
02,0A,1,003F
02,0B,0,0040
02,0B,1,0041
02,0C,0,0042
02,0C,1,0043
02,0D,0,0044
02,0D,1,0045
02,0E,0,0046
02,0E,1,0047
02,0F,0,0048
02,0F,1,0049
02,10,0,004A
02,10,1,004B
02,11,0,004C
02,11,1,004D
02,12,0,004E
02,12,1,004F
02,13,0,0050
02,13,1,0051
02,14,0,0052
02,14,1,0053
03,00,0,0054
03,00,1,0055
03,01,0,0056
03,01,1,0057
03,02,0,0058
03,02,1,0059
03,03,0,005A
03,03,1,005B
03,04,0,005C
03,04,1,005D
03,05,0,005E
03,05,1,005F
03,06,0,0060
03,06,1,0061
03,07,0,0062
03,07,1,0063
03,08,0,0064
03,08,1,0065
03,09,0,0066
03,09,1,0067
03,0A,0,0068
03,0A,1,0069
03,0B,0,006A
03,0B,1,006B
03,0C,0,006C
03,0C,1,006D
03,0D,0,006E
03,0D,1,006F
03,0E,0,0070
03,0E,1,0071
03,0F,0,0072
03,0F,1,0073
03,10,0,0074
03,10,1,0075
03,11,0,0076
03,11,1,0077
03,12,0,0078
03,12,1,0079
03,13,0,007A
03,13,1,007B
03,14,0,007C
03,14,1,007D
04,00,0,007E
04,00,1,007F
04,01,0,0080
04,01,1,0081
04,02,0,0082
04,02,1,0083
04,03,0,0084
04,03,1,0085
04,04,0,0086
04,04,1,0087
04,05,0,0088
04,05,1,0089
04,06,0,008A
04,06,1,008B
04,07,0,008C
04,07,1,008D
04,08,0,008E
04,08,1,008F
04,09,0,0090
04,09,1,0091
04,0A,0,0092
04,0A,1,0093
04,0B,0,0094
04,0B,1,0095
04,0C,0,0096
04,0C,1,0097
04,0D,0,0098
04,0D,1,0099
04,0E,0,009A
04,0E,1,009B
04,0F,0,009C
04,0F,1,009D
04,10,0,009E
04,10,1,009F
04,11,0,00A0
04,11,1,00A1
04,12,0,00A2
04,12,1,00A3
04,13,0,00A4
04,13,1,00A5
04,14,0,00A6
04,14,1,00A7
05,00,0,00A8
05,00,1,00A9
05,01,0,00AA
05,01,1,00AB
05,02,0,00AC
05,02,1,00AD
05,03,0,00AE
05,03,1,00AF
05,04,0,00B0
05,04,1,00B1
05,05,0,00B2
05,05,1,00B3
05,06,0,00B4
05,06,1,00B5
05,07,0,00B6
05,07,1,00B7
05,08,0,00B8
05,08,1,00B9
05,09,0,00BA
05,09,1,00BB
05,0A,0,00BC
05,0A,1,00BD
05,0B,0,00BE
05,0B,1,00BF
05,0C,0,00C0
05,0C,1,00C1
05,0D,0,00C2
05,0D,1,00C3
05,0E,0,00C4
05,0E,1,00C5
05,0F,0,00C6
05,0F,1,00C7
05,10,0,00C8
05,10,1,00C9
05,11,0,00CA
05,11,1,00CB
05,12,0,00CC
05,12,1,00CD
05,13,0,00CE
05,13,1,00CF
05,14,0,00D0
05,14,1,00D1
06,00,0,00D2
06,00,1,00D3
06,01,0,00D4
06,01,1,00D5
06,02,0,00D6
06,02,1,00D7
06,03,0,00D8
06,03,1,00D9
06,04,0,00DA
06,04,1,00DB
06,05,0,00DC
06,05,1,00DD
06,06,0,00DE
06,06,1,00DF
06,07,0,00E0
06,07,1,00E1
06,08,0,00E2
06,08,1,00E3
06,09,0,00E4
06,09,1,00E5
06,0A,0,00E6
06,0A,1,00E7
06,0B,0,00E8
06,0B,1,00E9
06,0C,0,00EA
06,0C,1,00EB
06,0D,0,00EC
06,0D,1,00ED
06,0E,0,00EE
06,0E,1,00EF
06,0F,0,00F0
06,0F,1,00F1
06,10,0,00F2
06,10,1,00F3
06,11,0,00F4
06,11,1,00F5
06,12,0,00F6
06,12,1,00F7
06,13,0,00F8
06,13,1,00F9
06,14,0,00FA
06,14,1,00FB
07,00,0,00FC
07,00,1,00FD
07,01,0,00FE
07,01,1,00FF
07,02,0,0100
07,02,1,0101
07,03,0,0102
07,03,1,0103
07,04,0,0104
07,04,1,0105
07,05,0,0106
07,05,1,0107
07,06,0,0108
07,06,1,0109
07,07,0,010A
07,07,1,010B
07,08,0,010C
07,08,1,010D
07,09,0,010E
07,09,1,010F
07,0A,0,0110
07,0A,1,0111
07,0B,0,0112
07,0B,1,0113
07,0C,0,0114
07,0C,1,0115
07,0D,0,0116
07,0D,1,0117
07,0E,0,0118
07,0E,1,0119
07,0F,0,011A
07,0F,1,011B
07,10,0,011C
07,10,1,011D
07,11,0,011E
07,11,1,011F
07,12,0,0120
07,12,1,0121
07,13,0,0122
07,13,1,0123
07,14,0,0124
07,14,1,0125
08,00,0,0126
08,00,1,0127
08,01,0,0128
08,01,1,0129
08,02,0,012A
08,02,1,012B
08,03,0,012C
08,03,1,012D
08,04,0,012E
08,04,1,012F
08,05,0,0130
08,05,1,0131
08,06,0,0132
08,06,1,0133
08,07,0,0134
08,07,1,0135
08,08,0,0136
08,08,1,0137
08,09,0,0138
08,09,1,0139
08,0A,0,013A
08,0A,1,013B
08,0B,0,013C
08,0B,1,013D
08,0C,0,013E
08,0C,1,013F
08,0D,0,0140
08,0D,1,0141
08,0E,0,0142
08,0E,1,0143
08,0F,0,0144
08,0F,1,0145
08,10,0,0146
08,10,1,0147
08,11,0,0148
08,11,1,0149
08,12,0,014A
08,12,1,014B
08,13,0,014C
08,13,1,014D
08,14,0,014E
08,14,1,014F
09,00,0,0150
09,00,1,0151
09,01,0,0152
09,01,1,0153
09,02,0,0154
09,02,1,0155
09,03,0,0156
09,03,1,0157
09,04,0,0158
09,04,1,0159
09,05,0,015A
09,05,1,015B
09,06,0,015C
09,06,1,015D
09,07,0,015E
09,07,1,015F
09,08,0,0160
09,08,1,0161
09,09,0,0162
09,09,1,0163
09,0A,0,0164
09,0A,1,0165
09,0B,0,0166
09,0B,1,0167
09,0C,0,0168
09,0C,1,0169
09,0D,0,016A
09,0D,1,016B
09,0E,0,016C
09,0E,1,016D
09,0F,0,016E
09,0F,1,016F
09,10,0,0170
09,10,1,0171
09,11,0,0172
09,11,1,0173
09,12,0,0174
09,12,1,0175
09,13,0,0176
09,13,1,0177
09,14,0,0178
09,14,1,0179
0A,00,0,017A
0A,00,1,017B
0A,01,0,017C
0A,01,1,017D
0A,02,0,017E
0A,02,1,017F
0A,03,0,0180
0A,03,1,0181
0A,04,0,0182
0A,04,1,0183
0A,05,0,0184
0A,05,1,0185
0A,06,0,0186
0A,06,1,0187
0A,07,0,0188
0A,07,1,0189
0A,08,0,018A
0A,08,1,018B
0A,09,0,018C
0A,09,1,018D
0A,0A,0,018E
0A,0A,1,018F
0A,0B,0,0190
0A,0B,1,0191
0A,0C,0,0192
0A,0C,1,0193
0A,0D,0,0194
0A,0D,1,0195
0A,0E,0,0196
0A,0E,1,0197
0A,0F,0,0198
0A,0F,1,0199
0A,10,0,019A
0A,10,1,019B
0A,11,0,019C
0A,11,1,019D
0A,12,0,019E
0A,12,1,019F
0A,13,0,01A0
0A,13,1,01A1
0A,14,0,01A2
0A,14,1,01A3
0B,00,0,01A4
0B,00,1,01A5
0B,01,0,01A6
0B,01,1,01A7
0B,02,0,01A8
0B,02,1,01A9
0B,03,0,01AA
0B,03,1,01AB
0B,04,0,01AC
0B,04,1,01AD
0B,05,0,01AE
0B,05,1,01AF
0B,06,0,01B0
0B,06,1,01B1
0B,07,0,01B2
0B,07,1,01B3
0B,08,0,01B4
0B,08,1,01B5
0B,09,0,01B6
0B,09,1,01B7
0B,0A,0,01B8
0B,0A,1,01B9
0B,0B,0,01BA
0B,0B,1,01BB
0B,0C,0,01BC
0B,0C,1,01BD
0B,0D,0,01BE
0B,0D,1,01BF
0B,0E,0,01C0
0B,0E,1,01C1
0B,0F,0,01C2
0B,0F,1,01C3
0B,10,0,01C4
0B,10,1,01C5
0B,11,0,01C6
0B,11,1,01C7
0B,12,0,01C8
0B,12,1,01C9
0B,13,0,01CA
0B,13,1,01CB
0B,14,0,01CC
0B,14,1,01CD
0C,00,0,01CE
0C,00,1,01CF
0C,01,0,01D0
0C,01,1,01D1
0C,02,0,01D2
0C,02,1,01D3
0C,03,0,01D4
0C,03,1,01D5
0C,04,0,01D6
0C,04,1,01D7
0C,05,0,01D8
0C,05,1,01D9
0C,06,0,01DA
0C,06,1,01DB
0C,07,0,01DC
0C,07,1,01DD
0C,08,0,01DE
0C,08,1,01DF
0C,09,0,01E0
0C,09,1,01E1
0C,0A,0,01E2
0C,0A,1,01E3
0C,0B,0,01E4
0C,0B,1,01E5
0C,0C,0,01E6
0C,0C,1,01E7
0C,0D,0,01E8
0C,0D,1,01E9
0C,0E,0,01EA
0C,0E,1,01EB
0C,0F,0,01EC
0C,0F,1,01ED
0C,10,0,01EE
0C,10,1,01EF
0C,11,0,01F0
0C,11,1,01F1
0C,12,0,01F2
0C,12,1,01F3
0C,13,0,01F4
0C,13,1,01F5
0C,14,0,01F6
0C,14,1,01F7
0D,00,0,01F8
0D,00,1,01F9
0D,01,0,01FA
0D,01,1,01FB
0D,02,0,01FC
0D,02,1,01FD
0D,03,0,01FE
0D,03,1,01FF
0D,04,0,0200
0D,04,1,0201
0D,05,0,0202
0D,05,1,0203
0D,06,0,0204
0D,06,1,0205
0D,07,0,0206
0D,07,1,0207
0D,08,0,0208
0D,08,1,0209
0D,09,0,020A
0D,09,1,020B
0D,0A,0,020C
0D,0A,1,020D
0D,0B,0,020E
0D,0B,1,020F
0D,0C,0,0210
0D,0C,1,0211
0D,0D,0,0212
0D,0D,1,0213
0D,0E,0,0214
0D,0E,1,0215
0D,0F,0,0216
0D,0F,1,0217
0D,10,0,0218
0D,10,1,0219
0D,11,0,021A
0D,11,1,021B
0D,12,0,021C
0D,12,1,021D
0D,13,0,021E
0D,13,1,021F
0D,14,0,0220
0D,14,1,0221
0E,00,0,0222
0E,00,1,0223
0E,01,0,0224
0E,01,1,0225
0E,02,0,0226
0E,02,1,0227
0E,03,0,0228
0E,03,1,0229
0E,04,0,022A
0E,04,1,022B
0E,05,0,022C
0E,05,1,022D
0E,06,0,022E
0E,06,1,022F
0E,07,0,0230
0E,07,1,0231
0E,08,0,0232
0E,08,1,0233
0E,09,0,0234
0E,09,1,0235
0E,0A,0,0236
0E,0A,1,0237
0E,0B,0,0238
0E,0B,1,0239
0E,0C,0,023A
0E,0C,1,023B
0E,0D,0,023C
0E,0D,1,023D
0E,0E,0,023E
0E,0E,1,023F
0E,0F,0,0240
0E,0F,1,0241
0E,10,0,0242
0E,10,1,0243
0E,11,0,0244
0E,11,1,0245
0E,12,0,0246
0E,12,1,0247
0E,13,0,0248
0E,13,1,0249
0E,14,0,024A
0E,14,1,024B
0F,00,0,024C
0F,00,1,024D
0F,01,0,024E
0F,01,1,024F
0F,02,0,0250
0F,02,1,0251
0F,03,0,0252
0F,03,1,0253
0F,04,0,0254
0F,04,1,0255
0F,05,0,0256
0F,05,1,0257
0F,06,0,0258
0F,06,1,0259
0F,07,0,025A
0F,07,1,025B
0F,08,0,025C
0F,08,1,025D
0F,09,0,025E
0F,09,1,025F
0F,0A,0,0260
0F,0A,1,0261
0F,0B,0,0262
0F,0B,1,0263
0F,0C,0,0264
0F,0C,1,0265
0F,0D,0,0266
0F,0D,1,0267
0F,0E,0,0268
0F,0E,1,0269
0F,0F,0,026A
0F,0F,1,026B
0F,10,0,026C
0F,10,1,026D
0F,11,0,026E
0F,11,1,026F
0F,12,0,0270
0F,12,1,0271
0F,13,0,0272
0F,13,1,0273
0F,14,0,0274
0F,14,1,0275
10,00,0,0276
10,00,1,0277
10,01,0,0278
10,01,1,0279
10,02,0,027A
10,02,1,027B
10,03,0,027C
10,03,1,027D
10,04,0,027E
10,04,1,027F
10,05,0,0280
10,05,1,0281
10,06,0,0282
10,06,1,0283
10,07,0,0284
10,07,1,0285
10,08,0,0286
10,08,1,0287
10,09,0,0288
10,09,1,0289
10,0A,0,028A
10,0A,1,028B
10,0B,0,028C
10,0B,1,028D
10,0C,0,028E
10,0C,1,028F
10,0D,0,0290
10,0D,1,0291
10,0E,0,0292
10,0E,1,0293
10,0F,0,0294
10,0F,1,0295
10,10,0,0296
10,10,1,0297
10,11,0,0298
10,11,1,0299
10,12,0,029A
10,12,1,029B
10,13,0,029C
10,13,1,029D
10,14,0,029E
10,14,1,029F
11,00,0,02A0
11,00,1,02A1
11,01,0,02A2
11,01,1,02A3
11,02,0,02A4
11,02,1,02A5
11,03,0,02A6
11,03,1,02A7
11,04,0,02A8
11,04,1,02A9
11,05,0,02AA
11,05,1,02AB
11,06,0,02AC
11,06,1,02AD
11,07,0,02AE
11,07,1,02AF
11,08,0,02B0
11,08,1,02B1
11,09,0,02B2
11,09,1,02B3
11,0A,0,02B4
11,0A,1,02B5
11,0B,0,02B6
11,0B,1,02B7
11,0C,0,02B8
11,0C,1,02B9
11,0D,0,02BA
11,0D,1,02BB
11,0E,0,02BC
11,0E,1,02BD
11,0F,0,02BE
11,0F,1,02BF
11,10,0,02C0
11,10,1,02C1
11,11,0,02C2
11,11,1,02C3
11,12,0,02C4
11,12,1,02C5
11,13,0,02C6
11,13,1,02C7
11,14,0,02C8
11,14,1,02C9
12,00,0,02CA
12,00,1,02CB
12,01,0,02CC
12,01,1,02CD
12,02,0,02CE
12,02,1,02CF
12,03,0,02D0
12,03,1,02D1
12,04,0,02D2
12,04,1,02D3
12,05,0,02D4
12,05,1,02D5
12,06,0,02D6
12,06,1,02D7
12,07,0,02D8
12,07,1,02D9
12,08,0,02DA
12,08,1,02DB
12,09,0,02DC
12,09,1,02DD
12,0A,0,02DE
12,0A,1,02DF
12,0B,0,02E0
12,0B,1,02E1
12,0C,0,02E2
12,0C,1,02E3
12,0D,0,02E4
12,0D,1,02E5
12,0E,0,02E6
12,0E,1,02E7
12,0F,0,02E8
12,0F,1,02E9
12,10,0,02EA
12,10,1,02EB
12,11,0,02EC
12,11,1,02ED
12,12,0,02EE
12,12,1,02EF
13,00,0,02F0
13,00,1,02F1
13,01,0,02F2
13,01,1,02F3
13,02,0,02F4
13,02,1,02F5
13,03,0,02F6
13,03,1,02F7
13,04,0,02F8
13,04,1,02F9
13,05,0,02FA
13,05,1,02FB
13,06,0,02FC
13,06,1,02FD
13,07,0,02FE
13,07,1,02FF
13,08,0,0300
13,08,1,0301
13,09,0,0302
13,09,1,0303
13,0A,0,0304
13,0A,1,0305
13,0B,0,0306
13,0B,1,0307
13,0C,0,0308
13,0C,1,0309
13,0D,0,030A
13,0D,1,030B
13,0E,0,030C
13,0E,1,030D
13,0F,0,030E
13,0F,1,030F
13,10,0,0310
13,10,1,0311
13,11,0,0312
13,11,1,0313
13,12,0,0314
13,12,1,0315
14,00,0,0316
14,00,1,0317
14,01,0,0318
14,01,1,0319
14,02,0,031A
14,02,1,031B
14,03,0,031C
14,03,1,031D
14,04,0,031E
14,04,1,031F
14,05,0,0320
14,05,1,0321
14,06,0,0322
14,06,1,0323
14,07,0,0324
14,07,1,0325
14,08,0,0326
14,08,1,0327
14,09,0,0328
14,09,1,0329
14,0A,0,032A
14,0A,1,032B
14,0B,0,032C
14,0B,1,032D
14,0C,0,032E
14,0C,1,032F
14,0D,0,0330
14,0D,1,0331
14,0E,0,0332
14,0E,1,0333
14,0F,0,0334
14,0F,1,0335
14,10,0,0336
14,10,1,0337
14,11,0,0338
14,11,1,0339
14,12,0,033A
14,12,1,033B
15,00,0,033C
15,00,1,033D
15,01,0,033E
15,01,1,033F
15,02,0,0340
15,02,1,0341
15,03,0,0342
15,03,1,0343
15,04,0,0344
15,04,1,0345
15,05,0,0346
15,05,1,0347
15,06,0,0348
15,06,1,0349
15,07,0,034A
15,07,1,034B
15,08,0,034C
15,08,1,034D
15,09,0,034E
15,09,1,034F
15,0A,0,0350
15,0A,1,0351
15,0B,0,0352
15,0B,1,0353
15,0C,0,0354
15,0C,1,0355
15,0D,0,0356
15,0D,1,0357
15,0E,0,0358
15,0E,1,0359
15,0F,0,035A
15,0F,1,035B
15,10,0,035C
15,10,1,035D
15,11,0,035E
15,11,1,035F
15,12,0,0360
15,12,1,0361
16,00,0,0362
16,00,1,0363
16,01,0,0364
16,01,1,0365
16,02,0,0366
16,02,1,0367
16,03,0,0368
16,03,1,0369
16,04,0,036A
16,04,1,036B
16,05,0,036C
16,05,1,036D
16,06,0,036E
16,06,1,036F
16,07,0,0370
16,07,1,0371
16,08,0,0372
16,08,1,0373
16,09,0,0374
16,09,1,0375
16,0A,0,0376
16,0A,1,0377
16,0B,0,0378
16,0B,1,0379
16,0C,0,037A
16,0C,1,037B
16,0D,0,037C
16,0D,1,037D
16,0E,0,037E
16,0E,1,037F
16,0F,0,0380
16,0F,1,0381
16,10,0,0382
16,10,1,0383
16,11,0,0384
16,11,1,0385
16,12,0,0386
16,12,1,0387
17,00,0,0388
17,00,1,0389
17,01,0,038A
17,01,1,038B
17,02,0,038C
17,02,1,038D
17,03,0,038E
17,03,1,038F
17,04,0,0390
17,04,1,0391
17,05,0,0392
17,05,1,0393
17,06,0,0394
17,06,1,0395
17,07,0,0396
17,07,1,0397
17,08,0,0398
17,08,1,0399
17,09,0,039A
17,09,1,039B
17,0A,0,039C
17,0A,1,039D
17,0B,0,039E
17,0B,1,039F
17,0C,0,03A0
17,0C,1,03A1
17,0D,0,03A2
17,0D,1,03A3
17,0E,0,03A4
17,0E,1,03A5
17,0F,0,03A6
17,0F,1,03A7
17,10,0,03A8
17,10,1,03A9
17,11,0,03AA
17,11,1,03AB
17,12,0,03AC
17,12,1,03AD
18,00,0,03AE
18,00,1,03AF
18,01,0,03B0
18,01,1,03B1
18,02,0,03B2
18,02,1,03B3
18,03,0,03B4
18,03,1,03B5
18,04,0,03B6
18,04,1,03B7
18,05,0,03B8
18,05,1,03B9
18,06,0,03BA
18,06,1,03BB
18,07,0,03BC
18,07,1,03BD
18,08,0,03BE
18,08,1,03BF
18,09,0,03C0
18,09,1,03C1
18,0A,0,03C2
18,0A,1,03C3
18,0B,0,03C4
18,0B,1,03C5
18,0C,0,03C6
18,0C,1,03C7
18,0D,0,03C8
18,0D,1,03C9
18,0E,0,03CA
18,0E,1,03CB
18,0F,0,03CC
18,0F,1,03CD
18,10,0,03CE
18,10,1,03CF
18,11,0,03D0
18,11,1,03D1
18,12,0,03D2
18,12,1,03D3
19,00,0,03D4
19,00,1,03D5
19,01,0,03D6
19,01,1,03D7
19,02,0,03D8
19,02,1,03D9
19,03,0,03DA
19,03,1,03DB
19,04,0,03DC
19,04,1,03DD
19,05,0,03DE
19,05,1,03DF
19,06,0,03E0
19,06,1,03E1
19,07,0,03E2
19,07,1,03E3
19,08,0,03E4
19,08,1,03E5
19,09,0,03E6
19,09,1,03E7
19,0A,0,03E8
19,0A,1,03E9
19,0B,0,03EA
19,0B,1,03EB
19,0C,0,03EC
19,0C,1,03ED
19,0D,0,03EE
19,0D,1,03EF
19,0E,0,03F0
19,0E,1,03F1
19,0F,0,03F2
19,0F,1,03F3
19,10,0,03F4
19,10,1,03F5
19,11,0,03F6
19,11,1,03F7
1A,00,0,03F8
1A,00,1,03F9
1A,01,0,03FA
1A,01,1,03FB
1A,02,0,03FC
1A,02,1,03FD
1A,03,0,03FE
1A,03,1,03FF
1A,04,0,0400
1A,04,1,0401
1A,05,0,0402
1A,05,1,0403
1A,06,0,0404
1A,06,1,0405
1A,07,0,0406
1A,07,1,0407
1A,08,0,0408
1A,08,1,0409
1A,09,0,040A
1A,09,1,040B
1A,0A,0,040C
1A,0A,1,040D
1A,0B,0,040E
1A,0B,1,040F
1A,0C,0,0410
1A,0C,1,0411
1A,0D,0,0412
1A,0D,1,0413
1A,0E,0,0414
1A,0E,1,0415
1A,0F,0,0416
1A,0F,1,0417
1A,10,0,0418
1A,10,1,0419
1A,11,0,041A
1A,11,1,041B
1B,00,0,041C
1B,00,1,041D
1B,01,0,041E
1B,01,1,041F
1B,02,0,0420
1B,02,1,0421
1B,03,0,0422
1B,03,1,0423
1B,04,0,0424
1B,04,1,0425
1B,05,0,0426
1B,05,1,0427
1B,06,0,0428
1B,06,1,0429
1B,07,0,042A
1B,07,1,042B
1B,08,0,042C
1B,08,1,042D
1B,09,0,042E
1B,09,1,042F
1B,0A,0,0430
1B,0A,1,0431
1B,0B,0,0432
1B,0B,1,0433
1B,0C,0,0434
1B,0C,1,0435
1B,0D,0,0436
1B,0D,1,0437
1B,0E,0,0438
1B,0E,1,0439
1B,0F,0,043A
1B,0F,1,043B
1B,10,0,043C
1B,10,1,043D
1B,11,0,043E
1B,11,1,043F
1C,00,0,0440
1C,00,1,0441
1C,01,0,0442
1C,01,1,0443
1C,02,0,0444
1C,02,1,0445
1C,03,0,0446
1C,03,1,0447
1C,04,0,0448
1C,04,1,0449
1C,05,0,044A
1C,05,1,044B
1C,06,0,044C
1C,06,1,044D
1C,07,0,044E
1C,07,1,044F
1C,08,0,0450
1C,08,1,0451
1C,09,0,0452
1C,09,1,0453
1C,0A,0,0454
1C,0A,1,0455
1C,0B,0,0456
1C,0B,1,0457
1C,0C,0,0458
1C,0C,1,0459
1C,0D,0,045A
1C,0D,1,045B
1C,0E,0,045C
1C,0E,1,045D
1C,0F,0,045E
1C,0F,1,045F
1C,10,0,0460
1C,10,1,0461
1C,11,0,0462
1C,11,1,0463
1D,00,0,0464
1D,00,1,0465
1D,01,0,0466
1D,01,1,0467
1D,02,0,0468
1D,02,1,0469
1D,03,0,046A
1D,03,1,046B
1D,04,0,046C
1D,04,1,046D
1D,05,0,046E
1D,05,1,046F
1D,06,0,0470
1D,06,1,0471
1D,07,0,0472
1D,07,1,0473
1D,08,0,0474
1D,08,1,0475
1D,09,0,0476
1D,09,1,0477
1D,0A,0,0478
1D,0A,1,0479
1D,0B,0,047A
1D,0B,1,047B
1D,0C,0,047C
1D,0C,1,047D
1D,0D,0,047E
1D,0D,1,047F
1D,0E,0,0480
1D,0E,1,0481
1D,0F,0,0482
1D,0F,1,0483
1D,10,0,0484
1D,10,1,0485
1D,11,0,0486
1D,11,1,0487
1E,00,0,0488
1E,00,1,0489
1E,01,0,048A
1E,01,1,048B
1E,02,0,048C
1E,02,1,048D
1E,03,0,048E
1E,03,1,048F
1E,04,0,0490
1E,04,1,0491
1E,05,0,0492
1E,05,1,0493
1E,06,0,0494
1E,06,1,0495
1E,07,0,0496
1E,07,1,0497
1E,08,0,0498
1E,08,1,0499
1E,09,0,049A
1E,09,1,049B
1E,0A,0,049C
1E,0A,1,049D
1E,0B,0,049E
1E,0B,1,049F
1E,0C,0,04A0
1E,0C,1,04A1
1E,0D,0,04A2
1E,0D,1,04A3
1E,0E,0,04A4
1E,0E,1,04A5
1E,0F,0,04A6
1E,0F,1,04A7
1E,10,0,04A8
1E,10,1,04A9
1E,11,0,04AA
1E,11,1,04AB
1F,00,0,04AC
1F,00,1,04AD
1F,01,0,04AE
1F,01,1,04AF
1F,02,0,04B0
1F,02,1,04B1
1F,03,0,04B2
1F,03,1,04B3
1F,04,0,04B4
1F,04,1,04B5
1F,05,0,04B6
1F,05,1,04B7
1F,06,0,04B8
1F,06,1,04B9
1F,07,0,04BA
1F,07,1,04BB
1F,08,0,04BC
1F,08,1,04BD
1F,09,0,04BE
1F,09,1,04BF
1F,0A,0,04C0
1F,0A,1,04C1
1F,0B,0,04C2
1F,0B,1,04C3
1F,0C,0,04C4
1F,0C,1,04C5
1F,0D,0,04C6
1F,0D,1,04C7
1F,0E,0,04C8
1F,0E,1,04C9
1F,0F,0,04CA
1F,0F,1,04CB
1F,10,0,04CC
1F,10,1,04CD
20,00,0,04CE
20,00,1,04CF
20,01,0,04D0
20,01,1,04D1
20,02,0,04D2
20,02,1,04D3
20,03,0,04D4
20,03,1,04D5
20,04,0,04D6
20,04,1,04D7
20,05,0,04D8
20,05,1,04D9
20,06,0,04DA
20,06,1,04DB
20,07,0,04DC
20,07,1,04DD
20,08,0,04DE
20,08,1,04DF
20,09,0,04E0
20,09,1,04E1
20,0A,0,04E2
20,0A,1,04E3
20,0B,0,04E4
20,0B,1,04E5
20,0C,0,04E6
20,0C,1,04E7
20,0D,0,04E8
20,0D,1,04E9
20,0E,0,04EA
20,0E,1,04EB
20,0F,0,04EC
20,0F,1,04ED
20,10,0,04EE
20,10,1,04EF
21,00,0,04F0
21,00,1,04F1
21,01,0,04F2
21,01,1,04F3
21,02,0,04F4
21,02,1,04F5
21,03,0,04F6
21,03,1,04F7
21,04,0,04F8
21,04,1,04F9
21,05,0,04FA
21,05,1,04FB
21,06,0,04FC
21,06,1,04FD
21,07,0,04FE
21,07,1,04FF
21,08,0,0500
21,08,1,0501
21,09,0,0502
21,09,1,0503
21,0A,0,0504
21,0A,1,0505
21,0B,0,0506
21,0B,1,0507
21,0C,0,0508
21,0C,1,0509
21,0D,0,050A
21,0D,1,050B
21,0E,0,050C
21,0E,1,050D
21,0F,0,050E
21,0F,1,050F
21,10,0,0510
21,10,1,0511
22,00,0,0512
22,00,1,0513
22,01,0,0514
22,01,1,0515
22,02,0,0516
22,02,1,0517
22,03,0,0518
22,03,1,0519
22,04,0,051A
22,04,1,051B
22,05,0,051C
22,05,1,051D
22,06,0,051E
22,06,1,051F
22,07,0,0520
22,07,1,0521
22,08,0,0522
22,08,1,0523
22,09,0,0524
22,09,1,0525
22,0A,0,0526
22,0A,1,0527
22,0B,0,0528
22,0B,1,0529
22,0C,0,052A
22,0C,1,052B
22,0D,0,052C
22,0D,1,052D
22,0E,0,052E
22,0E,1,052F
22,0F,0,0530
22,0F,1,0531
22,10,0,0532
22,10,1,0533
23,00,0,0534
23,00,1,0535
23,01,0,0536
23,01,1,0537
23,02,0,0538
23,02,1,0539
23,03,0,053A
23,03,1,053B
23,04,0,053C
23,04,1,053D
23,05,0,053E
23,05,1,053F
23,06,0,0540
23,06,1,0541
23,07,0,0542
23,07,1,0543
23,08,0,0544
23,08,1,0545
23,09,0,0546
23,09,1,0547
23,0A,0,0548
23,0A,1,0549
23,0B,0,054A
23,0B,1,054B
23,0C,0,054C
23,0C,1,054D
23,0D,0,054E
23,0D,1,054F
23,0E,0,0550
23,0E,1,0551
23,0F,0,0552
23,0F,1,0553
23,10,0,0554
23,10,1,0555
