;This file was generated by the SoftBox using readall.com
;Identifier is the unique number read from the test image
;All numbers in hexadecimal
;
;CP/M Track, CP/M Sector, Identifier
00,00,0000
00,01,0001
00,02,0002
00,03,0003
00,04,0004
00,05,0005
00,06,0006
00,07,0007
00,08,0008
00,09,0009
00,0A,000A
00,0B,000B
00,0C,000C
00,0D,000D
00,0E,000E
00,0F,000F
00,10,0010
00,11,0011
00,12,0012
00,13,0013
00,14,0014
00,15,0015
00,16,0016
00,17,0017
00,18,0018
00,19,0019
00,1A,001A
00,1B,001B
00,1C,001C
00,1D,001D
00,1E,001E
00,1F,001F
01,00,0020
01,01,0021
01,02,0022
01,03,0023
01,04,0024
01,05,0025
01,06,0026
01,07,0027
01,08,0028
01,09,0029
01,0A,002A
01,0B,002B
01,0C,002C
01,0D,002D
01,0E,002E
01,0F,002F
01,10,0030
01,11,0031
01,12,0032
01,13,0033
01,14,0034
01,15,0035
01,16,0036
01,17,0037
01,18,0038
01,19,0039
01,1A,003A
01,1B,003B
01,1C,003C
01,1D,003D
01,1E,003E
01,1F,003F
02,00,0040
02,01,0041
02,02,0042
02,03,0043
02,04,0044
02,05,0045
02,06,0046
02,07,0047
02,08,0048
02,09,0049
02,0A,004A
02,0B,004B
02,0C,004C
02,0D,004D
02,0E,004E
02,0F,004F
02,10,0050
02,11,0051
02,12,0052
02,13,0053
02,14,0054
02,15,0055
02,16,0056
02,17,0057
02,18,0058
02,19,0059
02,1A,005A
02,1B,005B
02,1C,005C
02,1D,005D
02,1E,005E
02,1F,005F
03,00,0060
03,01,0061
03,02,0062
03,03,0063
03,04,0064
03,05,0065
03,06,0066
03,07,0067
03,08,0068
03,09,0069
03,0A,006A
03,0B,006B
03,0C,006C
03,0D,006D
03,0E,006E
03,0F,006F
03,10,0070
03,11,0071
03,12,0072
03,13,0073
03,14,0074
03,15,0075
03,16,0076
03,17,0077
03,18,0078
03,19,0079
03,1A,007A
03,1B,007B
03,1C,007C
03,1D,007D
03,1E,007E
03,1F,007F
04,00,0080
04,01,0081
04,02,0082
04,03,0083
04,04,0084
04,05,0085
04,06,0086
04,07,0087
04,08,0088
04,09,0089
04,0A,008A
04,0B,008B
04,0C,008C
04,0D,008D
04,0E,008E
04,0F,008F
04,10,0090
04,11,0091
04,12,0092
04,13,0093
04,14,0094
04,15,0095
04,16,0096
04,17,0097
04,18,0098
04,19,0099
04,1A,009A
04,1B,009B
04,1C,009C
04,1D,009D
04,1E,009E
04,1F,009F
05,00,00A0
05,01,00A1
05,02,00A2
05,03,00A3
05,04,00A4
05,05,00A5
05,06,00A6
05,07,00A7
05,08,00A8
05,09,00A9
05,0A,00AA
05,0B,00AB
05,0C,00AC
05,0D,00AD
05,0E,00AE
05,0F,00AF
05,10,00B0
05,11,00B1
05,12,00B2
05,13,00B3
05,14,00B4
05,15,00B5
05,16,00B6
05,17,00B7
05,18,00B8
05,19,00B9
05,1A,00BA
05,1B,00BB
05,1C,00BC
05,1D,00BD
05,1E,00BE
05,1F,00BF
06,00,00C0
06,01,00C1
06,02,00C2
06,03,00C3
06,04,00C4
06,05,00C5
06,06,00C6
06,07,00C7
06,08,00C8
06,09,00C9
06,0A,00CA
06,0B,00CB
06,0C,00CC
06,0D,00CD
06,0E,00CE
06,0F,00CF
06,10,00D0
06,11,00D1
06,12,00D2
06,13,00D3
06,14,00D4
06,15,00D5
06,16,00D6
06,17,00D7
06,18,00D8
06,19,00D9
06,1A,00DA
06,1B,00DB
06,1C,00DC
06,1D,00DD
06,1E,00DE
06,1F,00DF
07,00,00E0
07,01,00E1
07,02,00E2
07,03,00E3
07,04,00E4
07,05,00E5
07,06,00E6
07,07,00E7
07,08,00E8
07,09,00E9
07,0A,00EA
07,0B,00EB
07,0C,00EC
07,0D,00ED
07,0E,00EE
07,0F,00EF
07,10,00F0
07,11,00F1
07,12,00F2
07,13,00F3
07,14,00F4
07,15,00F5
07,16,00F6
07,17,00F7
07,18,00F8
07,19,00F9
07,1A,00FA
07,1B,00FB
07,1C,00FC
07,1D,00FD
07,1E,00FE
07,1F,00FF
08,00,0100
08,01,0101
08,02,0102
08,03,0103
08,04,0104
08,05,0105
08,06,0106
08,07,0107
08,08,0108
08,09,0109
08,0A,010A
08,0B,010B
08,0C,010C
08,0D,010D
08,0E,010E
08,0F,010F
08,10,0110
08,11,0111
08,12,0112
08,13,0113
08,14,0114
08,15,0115
08,16,0116
08,17,0117
08,18,0118
08,19,0119
08,1A,011A
08,1B,011B
08,1C,011C
08,1D,011D
08,1E,011E
08,1F,011F
09,00,0120
09,01,0121
09,02,0122
09,03,0123
09,04,0124
09,05,0125
09,06,0126
09,07,0127
09,08,0128
09,09,0129
09,0A,012A
09,0B,012B
09,0C,012C
09,0D,012D
09,0E,012E
09,0F,012F
09,10,0130
09,11,0131
09,12,0132
09,13,0133
09,14,0134
09,15,0135
09,16,0136
09,17,0137
09,18,0138
09,19,0139
09,1A,013A
09,1B,013B
09,1C,013C
09,1D,013D
09,1E,013E
09,1F,013F
0A,00,0140
0A,01,0141
0A,02,0142
0A,03,0143
0A,04,0144
0A,05,0145
0A,06,0146
0A,07,0147
0A,08,0148
0A,09,0149
0A,0A,014A
0A,0B,014B
0A,0C,014C
0A,0D,014D
0A,0E,014E
0A,0F,014F
0A,10,0150
0A,11,0151
0A,12,0152
0A,13,0153
0A,14,0154
0A,15,0155
0A,16,0156
0A,17,0157
0A,18,0158
0A,19,0159
0A,1A,015A
0A,1B,015B
0A,1C,015C
0A,1D,015D
0A,1E,015E
0A,1F,015F
0B,00,0160
0B,01,0161
0B,02,0162
0B,03,0163
0B,04,0164
0B,05,0165
0B,06,0166
0B,07,0167
0B,08,0168
0B,09,0169
0B,0A,016A
0B,0B,016B
0B,0C,016C
0B,0D,016D
0B,0E,016E
0B,0F,016F
0B,10,0170
0B,11,0171
0B,12,0172
0B,13,0173
0B,14,0174
0B,15,0175
0B,16,0176
0B,17,0177
0B,18,0178
0B,19,0179
0B,1A,017A
0B,1B,017B
0B,1C,017C
0B,1D,017D
0B,1E,017E
0B,1F,017F
0C,00,0180
0C,01,0181
0C,02,0182
0C,03,0183
0C,04,0184
0C,05,0185
0C,06,0186
0C,07,0187
0C,08,0188
0C,09,0189
0C,0A,018A
0C,0B,018B
0C,0C,018C
0C,0D,018D
0C,0E,018E
0C,0F,018F
0C,10,0190
0C,11,0191
0C,12,0192
0C,13,0193
0C,14,0194
0C,15,0195
0C,16,0196
0C,17,0197
0C,18,0198
0C,19,0199
0C,1A,019A
0C,1B,019B
0C,1C,019C
0C,1D,019D
0C,1E,019E
0C,1F,019F
0D,00,01A0
0D,01,01A1
0D,02,01A2
0D,03,01A3
0D,04,01A4
0D,05,01A5
0D,06,01A6
0D,07,01A7
0D,08,01A8
0D,09,01A9
0D,0A,01AA
0D,0B,01AB
0D,0C,01AC
0D,0D,01AD
0D,0E,01AE
0D,0F,01AF
0D,10,01B0
0D,11,01B1
0D,12,01B2
0D,13,01B3
0D,14,01B4
0D,15,01B5
0D,16,01B6
0D,17,01B7
0D,18,01B8
0D,19,01B9
0D,1A,01BA
0D,1B,01BB
0D,1C,01BC
0D,1D,01BD
0D,1E,01BE
0D,1F,01BF
0E,00,01C0
0E,01,01C1
0E,02,01C2
0E,03,01C3
0E,04,01C4
0E,05,01C5
0E,06,01C6
0E,07,01C7
0E,08,01C8
0E,09,01C9
0E,0A,01CA
0E,0B,01CB
0E,0C,01CC
0E,0D,01CD
0E,0E,01CE
0E,0F,01CF
0E,10,01D0
0E,11,01D1
0E,12,01D2
0E,13,01D3
0E,14,01D4
0E,15,01D5
0E,16,01D6
0E,17,01D7
0E,18,01D8
0E,19,01D9
0E,1A,01DA
0E,1B,01DB
0E,1C,01DC
0E,1D,01DD
0E,1E,01DE
0E,1F,01DF
0F,00,01E0
0F,01,01E1
0F,02,01E2
0F,03,01E3
0F,04,01E4
0F,05,01E5
0F,06,01E6
0F,07,01E7
0F,08,01E8
0F,09,01E9
0F,0A,01EA
0F,0B,01EB
0F,0C,01EC
0F,0D,01ED
0F,0E,01EE
0F,0F,01EF
0F,10,01F0
0F,11,01F1
0F,12,01F2
0F,13,01F3
0F,14,01F4
0F,15,01F5
0F,16,01F6
0F,17,01F7
0F,18,01F8
0F,19,01F9
0F,1A,01FA
0F,1B,01FB
0F,1C,01FC
0F,1D,01FD
0F,1E,01FE
0F,1F,01FF
10,00,0200
10,01,0201
10,02,0202
10,03,0203
10,04,0204
10,05,0205
10,06,0206
10,07,0207
10,08,0208
10,09,0209
10,0A,020A
10,0B,020B
10,0C,020C
10,0D,020D
10,0E,020E
10,0F,020F
10,10,0210
10,11,0211
10,12,0212
10,13,0213
10,14,0214
10,15,0215
10,16,0216
10,17,0217
10,18,0218
10,19,0219
10,1A,021A
10,1B,021B
10,1C,021C
10,1D,021D
10,1E,021E
10,1F,021F
11,00,0220
11,01,0221
11,02,0222
11,03,0223
11,04,0224
11,05,0225
11,06,0226
11,07,0227
11,08,0228
11,09,0229
11,0A,022A
11,0B,022B
11,0C,022C
11,0D,022D
11,0E,022E
11,0F,022F
11,10,0230
11,11,0231
11,12,0232
11,13,0233
11,14,0234
11,15,0235
11,16,0236
11,17,0237
11,18,0238
11,19,0239
11,1A,023A
11,1B,023B
11,1C,023C
11,1D,023D
11,1E,023E
11,1F,023F
12,00,0240
12,01,0241
12,02,0242
12,03,0243
12,04,0244
12,05,0245
12,06,0246
12,07,0247
12,08,0248
12,09,0249
12,0A,024A
12,0B,024B
12,0C,024C
12,0D,024D
12,0E,024E
12,0F,024F
12,10,0250
12,11,0251
12,12,0252
12,13,0253
12,14,0254
12,15,0255
12,16,0256
12,17,0257
12,18,0258
12,19,0259
12,1A,025A
12,1B,025B
12,1C,025C
12,1D,025D
12,1E,025E
12,1F,025F
13,00,0260
13,01,0261
13,02,0262
13,03,0263
13,04,0264
13,05,0265
13,06,0266
13,07,0267
13,08,0268
13,09,0269
13,0A,026A
13,0B,026B
13,0C,026C
13,0D,026D
13,0E,026E
13,0F,026F
13,10,0270
13,11,0271
13,12,0272
13,13,0273
13,14,0274
13,15,0275
13,16,0276
13,17,0277
13,18,0278
13,19,0279
13,1A,027A
13,1B,027B
13,1C,027C
13,1D,027D
13,1E,027E
13,1F,027F
14,00,0280
14,01,0281
14,02,0282
14,03,0283
14,04,0284
14,05,0285
14,06,0286
14,07,0287
14,08,0288
14,09,0289
14,0A,028A
14,0B,028B
14,0C,028C
14,0D,028D
14,0E,028E
14,0F,028F
14,10,0290
14,11,0291
14,12,0292
14,13,0293
14,14,0294
14,15,0295
14,16,0296
14,17,0297
14,18,0298
14,19,0299
14,1A,029A
14,1B,029B
14,1C,029C
14,1D,029D
14,1E,029E
14,1F,029F
15,00,02A0
15,01,02A1
15,02,02A2
15,03,02A3
15,04,02A4
15,05,02A5
15,06,02A6
15,07,02A7
15,08,02A8
15,09,02A9
15,0A,02AA
15,0B,02AB
15,0C,02AC
15,0D,02AD
15,0E,02AE
15,0F,02AF
15,10,02B0
15,11,02B1
15,12,02B2
15,13,02B3
15,14,02B4
15,15,02B5
15,16,02B6
15,17,02B7
15,18,02B8
15,19,02B9
15,1A,02BA
15,1B,02BB
15,1C,02BC
15,1D,02BD
15,1E,02BE
15,1F,02BF
16,00,02C0
16,01,02C1
16,02,02C2
16,03,02C3
16,04,02C4
16,05,02C5
16,06,02C6
16,07,02C7
16,08,02C8
16,09,02C9
16,0A,02CA
16,0B,02CB
16,0C,02CC
16,0D,02CD
16,0E,02CE
16,0F,02CF
16,10,02D0
16,11,02D1
16,12,02D2
16,13,02D3
16,14,02D4
16,15,02D5
16,16,02D6
16,17,02D7
16,18,02D8
16,19,02D9
16,1A,02DA
16,1B,02DB
16,1C,02DC
16,1D,02DD
16,1E,02DE
16,1F,02DF
17,00,02E0
17,01,02E1
17,02,02E2
17,03,02E3
17,04,02E4
17,05,02E5
17,06,02E6
17,07,02E7
17,08,02E8
17,09,02E9
17,0A,02EA
17,0B,02EB
17,0C,02EC
17,0D,02ED
17,0E,02EE
17,0F,02EF
17,10,02F0
17,11,02F1
17,12,02F2
17,13,02F3
17,14,02F4
17,15,02F5
17,16,02F6
17,17,02F7
17,18,02F8
17,19,02F9
17,1A,02FA
17,1B,02FB
17,1C,02FC
17,1D,02FD
17,1E,02FE
17,1F,02FF
18,00,0300
18,01,0301
18,02,0302
18,03,0303
18,04,0304
18,05,0305
18,06,0306
18,07,0307
18,08,0308
18,09,0309
18,0A,030A
18,0B,030B
18,0C,030C
18,0D,030D
18,0E,030E
18,0F,030F
18,10,0310
18,11,0311
18,12,0312
18,13,0313
18,14,0314
18,15,0315
18,16,0316
18,17,0317
18,18,0318
18,19,0319
18,1A,031A
18,1B,031B
18,1C,031C
18,1D,031D
18,1E,031E
18,1F,031F
19,00,0320
19,01,0321
19,02,0322
19,03,0323
19,04,0324
19,05,0325
19,06,0326
19,07,0327
19,08,0328
19,09,0329
19,0A,032A
19,0B,032B
19,0C,032C
19,0D,032D
19,0E,032E
19,0F,032F
19,10,0330
19,11,0331
19,12,0332
19,13,0333
19,14,0334
19,15,0335
19,16,0336
19,17,0337
19,18,0338
19,19,0339
19,1A,033A
19,1B,033B
19,1C,033C
19,1D,033D
19,1E,033E
19,1F,033F
1A,00,0340
1A,01,0341
1A,02,0342
1A,03,0343
1A,04,0344
1A,05,0345
1A,06,0346
1A,07,0347
1A,08,0348
1A,09,0349
1A,0A,034A
1A,0B,034B
1A,0C,034C
1A,0D,034D
1A,0E,034E
1A,0F,034F
1A,10,0350
1A,11,0351
1A,12,0352
1A,13,0353
1A,14,0354
1A,15,0355
1A,16,0356
1A,17,0357
1A,18,0358
1A,19,0359
1A,1A,035A
1A,1B,035B
1A,1C,035C
1A,1D,035D
1A,1E,035E
1A,1F,035F
1B,00,0360
1B,01,0361
1B,02,0362
1B,03,0363
1B,04,0364
1B,05,0365
1B,06,0366
1B,07,0367
1B,08,0368
1B,09,0369
1B,0A,036A
1B,0B,036B
1B,0C,036C
1B,0D,036D
1B,0E,036E
1B,0F,036F
1B,10,0370
1B,11,0371
1B,12,0372
1B,13,0373
1B,14,0374
1B,15,0375
1B,16,0376
1B,17,0377
1B,18,0378
1B,19,0379
1B,1A,037A
1B,1B,037B
1B,1C,037C
1B,1D,037D
1B,1E,037E
1B,1F,037F
1C,00,0380
1C,01,0381
1C,02,0382
1C,03,0383
1C,04,0384
1C,05,0385
1C,06,0386
1C,07,0387
1C,08,0388
1C,09,0389
1C,0A,038A
1C,0B,038B
1C,0C,038C
1C,0D,038D
1C,0E,038E
1C,0F,038F
1C,10,0390
1C,11,0391
1C,12,0392
1C,13,0393
1C,14,0394
1C,15,0395
1C,16,0396
1C,17,0397
1C,18,0398
1C,19,0399
1C,1A,039A
1C,1B,039B
1C,1C,039C
1C,1D,039D
1C,1E,039E
1C,1F,039F
1D,00,03A0
1D,01,03A1
1D,02,03A2
1D,03,03A3
1D,04,03A4
1D,05,03A5
1D,06,03A6
1D,07,03A7
1D,08,03A8
1D,09,03A9
1D,0A,03AA
1D,0B,03AB
1D,0C,03AC
1D,0D,03AD
1D,0E,03AE
1D,0F,03AF
1D,10,03B0
1D,11,03B1
1D,12,03B2
1D,13,03B3
1D,14,03B4
1D,15,03B5
1D,16,03B6
1D,17,03B7
1D,18,03B8
1D,19,03B9
1D,1A,03BA
1D,1B,03BB
1D,1C,03BC
1D,1D,03BD
1D,1E,03BE
1D,1F,03BF
1E,00,03C0
1E,01,03C1
1E,02,03C2
1E,03,03C3
1E,04,03C4
1E,05,03C5
1E,06,03C6
1E,07,03C7
1E,08,03C8
1E,09,03C9
1E,0A,03CA
1E,0B,03CB
1E,0C,03CC
1E,0D,03CD
1E,0E,03CE
1E,0F,03CF
1E,10,03D0
1E,11,03D1
1E,12,03D2
1E,13,03D3
1E,14,03D4
1E,15,03D5
1E,16,03D6
1E,17,03D7
1E,18,03D8
1E,19,03D9
1E,1A,03DA
1E,1B,03DB
1E,1C,03DC
1E,1D,03DD
1E,1E,03DE
1E,1F,03DF
1F,00,03E0
1F,01,03E1
1F,02,03E2
1F,03,03E3
1F,04,03E4
1F,05,03E5
1F,06,03E6
1F,07,03E7
1F,08,03E8
1F,09,03E9
1F,0A,03EA
1F,0B,03EB
1F,0C,03EC
1F,0D,03ED
1F,0E,03EE
1F,0F,03EF
1F,10,03F0
1F,11,03F1
1F,12,03F2
1F,13,03F3
1F,14,03F4
1F,15,03F5
1F,16,03F6
1F,17,03F7
1F,18,03F8
1F,19,03F9
1F,1A,03FA
1F,1B,03FB
1F,1C,03FC
1F,1D,03FD
1F,1E,03FE
1F,1F,03FF
20,00,0400
20,01,0401
20,02,0402
20,03,0403
20,04,0404
20,05,0405
20,06,0406
20,07,0407
20,08,0408
20,09,0409
20,0A,040A
20,0B,040B
20,0C,040C
20,0D,040D
20,0E,040E
20,0F,040F
20,10,0410
20,11,0411
20,12,0412
20,13,0413
20,14,0414
20,15,0415
20,16,0416
20,17,0417
20,18,0418
20,19,0419
20,1A,041A
20,1B,041B
20,1C,041C
20,1D,041D
20,1E,041E
20,1F,041F
21,00,0420
21,01,0421
21,02,0422
21,03,0423
21,04,0424
21,05,0425
21,06,0426
21,07,0427
21,08,0428
21,09,0429
21,0A,042A
21,0B,042B
21,0C,042C
21,0D,042D
21,0E,042E
21,0F,042F
21,10,0430
21,11,0431
21,12,0432
21,13,0433
21,14,0434
21,15,0435
21,16,0436
21,17,0437
21,18,0438
21,19,0439
21,1A,043A
21,1B,043B
21,1C,043C
21,1D,043D
21,1E,043E
21,1F,043F
22,00,0440
22,01,0441
22,02,0442
22,03,0443
22,04,0444
22,05,0445
22,06,0446
22,07,0447
22,08,0448
22,09,0449
22,0A,044A
22,0B,044B
22,0C,044C
22,0D,044D
22,0E,044E
22,0F,044F
22,10,0450
22,11,0451
22,12,0452
22,13,0453
22,14,0454
22,15,0455
22,16,0456
22,17,0457
22,18,0458
22,19,0459
22,1A,045A
22,1B,045B
22,1C,045C
22,1D,045D
22,1E,045E
22,1F,045F
23,00,0460
23,01,0461
23,02,0462
23,03,0463
23,04,0464
23,05,0465
23,06,0466
23,07,0467
23,08,0468
23,09,0469
23,0A,046A
23,0B,046B
23,0C,046C
23,0D,046D
23,0E,046E
23,0F,046F
23,10,0470
23,11,0471
23,12,0472
23,13,0473
23,14,0474
23,15,0475
23,16,0476
23,17,0477
23,18,0478
23,19,0479
23,1A,047A
23,1B,047B
23,1C,047C
23,1D,047D
23,1E,047E
23,1F,047F
24,00,0480
24,01,0481
24,02,0482
24,03,0483
24,04,0484
24,05,0485
24,06,0486
24,07,0487
24,08,0488
24,09,0489
24,0A,048A
24,0B,048B
24,0C,048C
24,0D,048D
24,0E,048E
24,0F,048F
24,10,0490
24,11,0491
24,12,0492
24,13,0493
24,14,0494
24,15,0495
24,16,0496
24,17,0497
24,18,0498
24,19,0499
24,1A,049A
24,1B,049B
24,1C,049C
24,1D,049D
24,1E,049E
24,1F,049F
25,00,04A0
25,01,04A1
25,02,04A2
25,03,04A3
25,04,04A4
25,05,04A5
25,06,04A6
25,07,04A7
25,08,04A8
25,09,04A9
25,0A,04AA
25,0B,04AB
25,0C,04AC
25,0D,04AD
25,0E,04AE
25,0F,04AF
25,10,04B0
25,11,04B1
25,12,04B2
25,13,04B3
25,14,04B4
25,15,04B5
25,16,04B6
25,17,04B7
25,18,04B8
25,19,04B9
25,1A,04BA
25,1B,04BB
25,1C,04BC
25,1D,04BD
25,1E,04BE
25,1F,04BF
26,00,04C0
26,01,04C1
26,02,04C2
26,03,04C3
26,04,04C4
26,05,04C5
26,06,04C6
26,07,04C7
26,08,04C8
26,09,04C9
26,0A,04CA
26,0B,04CB
26,0C,04CC
26,0D,04CD
26,0E,04CE
26,0F,04CF
26,10,04D0
26,11,04D1
26,12,04D2
26,13,04D3
26,14,04D4
26,15,04D5
26,16,04D6
26,17,04D7
26,18,04D8
26,19,04D9
26,1A,04DA
26,1B,04DB
26,1C,04DC
26,1D,04DD
26,1E,04DE
26,1F,04DF
27,00,04E0
27,01,04E1
27,02,04E2
27,03,04E3
27,04,04E4
27,05,04E5
27,06,04E6
27,07,04E7
27,08,04E8
27,09,04E9
27,0A,04EA
27,0B,04EB
27,0C,04EC
27,0D,04ED
27,0E,04EE
27,0F,04EF
27,10,04F0
27,11,04F1
27,12,04F2
27,13,04F3
27,14,04F4
27,15,04F5
27,16,04F6
27,17,04F7
27,18,04F8
27,19,04F9
27,1A,04FA
27,1B,04FB
27,1C,04FC
27,1D,04FD
27,1E,04FE
27,1F,04FF
28,00,0500
28,01,0501
28,02,0502
28,03,0503
28,04,0504
28,05,0505
28,06,0506
28,07,0507
28,08,0508
28,09,0509
28,0A,050A
28,0B,050B
28,0C,050C
28,0D,050D
28,0E,050E
28,0F,050F
28,10,0510
28,11,0511
28,12,0512
28,13,0513
28,14,0514
28,15,0515
28,16,0516
28,17,0517
28,18,0518
28,19,0519
28,1A,051A
28,1B,051B
28,1C,051C
28,1D,051D
28,1E,051E
28,1F,051F
29,00,0520
29,01,0521
29,02,0522
29,03,0523
29,04,0524
29,05,0525
29,06,0526
29,07,0527
29,08,0528
29,09,0529
29,0A,052A
29,0B,052B
29,0C,052C
29,0D,052D
29,0E,052E
29,0F,052F
29,10,0530
29,11,0531
29,12,0532
29,13,0533
29,14,0534
29,15,0535
29,16,0536
29,17,0537
29,18,0538
29,19,0539
29,1A,053A
29,1B,053B
29,1C,053C
29,1D,053D
29,1E,053E
29,1F,053F
2A,00,0540
2A,01,0541
2A,02,0542
2A,03,0543
2A,04,0544
2A,05,0545
2A,06,0546
2A,07,0547
2A,08,0548
2A,09,0549
2A,0A,054A
2A,0B,054B
2A,0C,054C
2A,0D,054D
2A,0E,054E
2A,0F,054F
2A,10,0550
2A,11,0551
2A,12,0552
2A,13,0553
2A,14,0554
2A,15,0555
2A,16,0556
2A,17,0557
2A,18,0558
2A,19,0559
2A,1A,055A
2A,1B,055B
2A,1C,055C
2A,1D,055D
2A,1E,055E
2A,1F,055F
2B,00,0560
2B,01,0561
2B,02,0562
2B,03,0563
2B,04,0564
2B,05,0565
2B,06,0566
2B,07,0567
2B,08,0568
2B,09,0569
2B,0A,056A
2B,0B,056B
2B,0C,056C
2B,0D,056D
2B,0E,056E
2B,0F,056F
2B,10,0570
2B,11,0571
2B,12,0572
2B,13,0573
2B,14,0574
2B,15,0575
2B,16,0576
2B,17,0577
2B,18,0578
2B,19,0579
2B,1A,057A
2B,1B,057B
2B,1C,057C
2B,1D,057D
2B,1E,057E
2B,1F,057F
2C,00,0580
2C,01,0581
2C,02,0582
2C,03,0583
2C,04,0584
2C,05,0585
2C,06,0586
2C,07,0587
2C,08,0588
2C,09,0589
2C,0A,058A
2C,0B,058B
2C,0C,058C
2C,0D,058D
2C,0E,058E
2C,0F,058F
2C,10,0590
2C,11,0591
2C,12,0592
2C,13,0593
2C,14,0594
2C,15,0595
2C,16,0596
2C,17,0597
2C,18,0598
2C,19,0599
2C,1A,059A
2C,1B,059B
2C,1C,059C
2C,1D,059D
2C,1E,059E
2C,1F,059F
2D,00,05A0
2D,01,05A1
2D,02,05A2
2D,03,05A3
2D,04,05A4
2D,05,05A5
2D,06,05A6
2D,07,05A7
2D,08,05A8
2D,09,05A9
2D,0A,05AA
2D,0B,05AB
2D,0C,05AC
2D,0D,05AD
2D,0E,05AE
2D,0F,05AF
2D,10,05B0
2D,11,05B1
2D,12,05B2
2D,13,05B3
2D,14,05B4
2D,15,05B5
2D,16,05B6
2D,17,05B7
2D,18,05B8
2D,19,05B9
2D,1A,05BA
2D,1B,05BB
2D,1C,05BC
2D,1D,05BD
2D,1E,05BE
2D,1F,05BF
2E,00,05C0
2E,01,05C1
2E,02,05C2
2E,03,05C3
2E,04,05C4
2E,05,05C5
2E,06,05C6
2E,07,05C7
2E,08,05C8
2E,09,05C9
2E,0A,05CA
2E,0B,05CB
2E,0C,05CC
2E,0D,05CD
2E,0E,05CE
2E,0F,05CF
2E,10,05D0
2E,11,05D1
2E,12,05D2
2E,13,05D3
2E,14,05D4
2E,15,05D5
2E,16,05D6
2E,17,05D7
2E,18,05D8
2E,19,05D9
2E,1A,05DA
2E,1B,05DB
2E,1C,05DC
2E,1D,05DD
2E,1E,05DE
2E,1F,05DF
2F,00,05E0
2F,01,05E1
2F,02,05E2
2F,03,05E3
2F,04,05E4
2F,05,05E5
2F,06,05E6
2F,07,05E7
2F,08,05E8
2F,09,05E9
2F,0A,05EA
2F,0B,05EB
2F,0C,05EC
2F,0D,05ED
2F,0E,05EE
2F,0F,05EF
2F,10,05F0
2F,11,05F1
2F,12,05F2
2F,13,05F3
2F,14,05F4
2F,15,05F5
2F,16,05F6
2F,17,05F7
2F,18,05F8
2F,19,05F9
2F,1A,05FA
2F,1B,05FB
2F,1C,05FC
2F,1D,05FD
2F,1E,05FE
2F,1F,05FF
30,00,0600
30,01,0601
30,02,0602
30,03,0603
30,04,0604
30,05,0605
30,06,0606
30,07,0607
30,08,0608
30,09,0609
30,0A,060A
30,0B,060B
30,0C,060C
30,0D,060D
30,0E,060E
30,0F,060F
30,10,0610
30,11,0611
30,12,0612
30,13,0613
30,14,0614
30,15,0615
30,16,0616
30,17,0617
30,18,0618
30,19,0619
30,1A,061A
30,1B,061B
30,1C,061C
30,1D,061D
30,1E,061E
30,1F,061F
31,00,0620
31,01,0621
31,02,0622
31,03,0623
31,04,0624
31,05,0625
31,06,0626
31,07,0627
31,08,0628
31,09,0629
31,0A,062A
31,0B,062B
31,0C,062C
31,0D,062D
31,0E,062E
31,0F,062F
31,10,0630
31,11,0631
31,12,0632
31,13,0633
31,14,0634
31,15,0635
31,16,0636
31,17,0637
31,18,0638
31,19,0639
31,1A,063A
31,1B,063B
31,1C,063C
31,1D,063D
31,1E,063E
31,1F,063F
32,00,0640
32,01,0641
32,02,0642
32,03,0643
32,04,0644
32,05,0645
32,06,0646
32,07,0647
32,08,0648
32,09,0649
32,0A,064A
32,0B,064B
32,0C,064C
32,0D,064D
32,0E,064E
32,0F,064F
32,10,0650
32,11,0651
32,12,0652
32,13,0653
32,14,0654
32,15,0655
32,16,0656
32,17,0657
32,18,0658
32,19,0659
32,1A,065A
32,1B,065B
32,1C,065C
32,1D,065D
32,1E,065E
32,1F,065F
33,00,0660
33,01,0661
33,02,0662
33,03,0663
33,04,0664
33,05,0665
33,06,0666
33,07,0667
33,08,0668
33,09,0669
33,0A,066A
33,0B,066B
33,0C,066C
33,0D,066D
33,0E,066E
33,0F,066F
33,10,0670
33,11,0671
33,12,0672
33,13,0673
33,14,0674
33,15,0675
33,16,0676
33,17,0677
33,18,0678
33,19,0679
33,1A,067A
33,1B,067B
33,1C,067C
33,1D,067D
33,1E,067E
33,1F,067F
34,00,0680
34,01,0681
34,02,0682
34,03,0683
34,04,0684
34,05,0685
34,06,0686
34,07,0687
34,08,0688
34,09,0689
34,0A,068A
34,0B,068B
34,0C,068C
34,0D,068D
34,0E,068E
34,0F,068F
34,10,0690
34,11,0691
34,12,0692
34,13,0693
34,14,0694
34,15,0695
34,16,0696
34,17,0697
34,18,0698
34,19,0699
34,1A,069A
34,1B,069B
34,1C,069C
34,1D,069D
34,1E,069E
34,1F,069F
35,00,06A0
35,01,06A1
35,02,06A2
35,03,06A3
35,04,06A4
35,05,06A5
35,06,06A6
35,07,06A7
35,08,06A8
35,09,06A9
35,0A,06AA
35,0B,06AB
35,0C,06AC
35,0D,06AD
35,0E,06AE
35,0F,06AF
35,10,06B0
35,11,06B1
35,12,06B2
35,13,06B3
35,14,06B4
35,15,06B5
35,16,06B6
35,17,06B7
35,18,06B8
35,19,06B9
35,1A,06BA
35,1B,06BB
35,1C,06BC
35,1D,06BD
35,1E,06BE
35,1F,06BF
36,00,06C0
36,01,06C1
36,02,06C2
36,03,06C3
36,04,06C4
36,05,06C5
36,06,06C6
36,07,06C7
36,08,06C8
36,09,06C9
36,0A,06CA
36,0B,06CB
36,0C,06CC
36,0D,06CD
36,0E,06CE
36,0F,06CF
36,10,06D0
36,11,06D1
36,12,06D2
36,13,06D3
36,14,06D4
36,15,06D5
36,16,06D6
36,17,06D7
36,18,06D8
36,19,06D9
36,1A,06DA
36,1B,06DB
36,1C,06DC
36,1D,06DD
36,1E,06DE
36,1F,06DF
37,00,06E0
37,01,06E1
37,02,06E2
37,03,06E3
37,04,06E4
37,05,06E5
37,06,06E6
37,07,06E7
37,08,06E8
37,09,06E9
37,0A,06EA
37,0B,06EB
37,0C,06EC
37,0D,06ED
37,0E,06EE
37,0F,06EF
37,10,06F0
37,11,06F1
37,12,06F2
37,13,06F3
37,14,06F4
37,15,06F5
37,16,06F6
37,17,06F7
37,18,06F8
37,19,06F9
37,1A,06FA
37,1B,06FB
37,1C,06FC
37,1D,06FD
37,1E,06FE
37,1F,06FF
38,00,0700
38,01,0701
38,02,0702
38,03,0703
38,04,0704
38,05,0705
38,06,0706
38,07,0707
38,08,0708
38,09,0709
38,0A,070A
38,0B,070B
38,0C,070C
38,0D,070D
38,0E,070E
38,0F,070F
38,10,0710
38,11,0711
38,12,0712
38,13,0713
38,14,0714
38,15,0715
38,16,0716
38,17,0717
38,18,0718
38,19,0719
38,1A,071A
38,1B,071B
38,1C,071C
38,1D,071D
38,1E,071E
38,1F,071F
39,00,0720
39,01,0721
39,02,0722
39,03,0723
39,04,0724
39,05,0725
39,06,0726
39,07,0727
39,08,0728
39,09,0729
39,0A,072A
39,0B,072B
39,0C,072C
39,0D,072D
39,0E,072E
39,0F,072F
39,10,0730
39,11,0731
39,12,0732
39,13,0733
39,14,0734
39,15,0735
39,16,0736
39,17,0737
39,18,0738
39,19,0739
39,1A,073A
39,1B,073B
39,1C,073C
39,1D,073D
39,1E,073E
39,1F,073F
3A,00,0740
3A,01,0741
3A,02,0742
3A,03,0743
3A,04,0744
3A,05,0745
3A,06,0746
3A,07,0747
3A,08,0748
3A,09,0749
3A,0A,074A
3A,0B,074B
3A,0C,074C
3A,0D,074D
3A,0E,074E
3A,0F,074F
3A,10,0750
3A,11,0751
3A,12,0752
3A,13,0753
3A,14,0754
3A,15,0755
3A,16,0756
3A,17,0757
3A,18,0758
3A,19,0759
3A,1A,075A
3A,1B,075B
3A,1C,075C
3A,1D,075D
3A,1E,075E
3A,1F,075F
3B,00,0760
3B,01,0761
3B,02,0762
3B,03,0763
3B,04,0764
3B,05,0765
3B,06,0766
3B,07,0767
3B,08,0768
3B,09,0769
3B,0A,076A
3B,0B,076B
3B,0C,076C
3B,0D,076D
3B,0E,076E
3B,0F,076F
3B,10,0770
3B,11,0771
3B,12,0772
3B,13,0773
3B,14,0774
3B,15,0775
3B,16,0776
3B,17,0777
3B,18,0778
3B,19,0779
3B,1A,077A
3B,1B,077B
3B,1C,077C
3B,1D,077D
3B,1E,077E
3B,1F,077F
3C,00,0780
3C,01,0781
3C,02,0782
3C,03,0783
3C,04,0784
3C,05,0785
3C,06,0786
3C,07,0787
3C,08,0788
3C,09,0789
3C,0A,078A
3C,0B,078B
3C,0C,078C
3C,0D,078D
3C,0E,078E
3C,0F,078F
3C,10,0790
3C,11,0791
3C,12,0792
3C,13,0793
3C,14,0794
3C,15,0795
3C,16,0796
3C,17,0797
3C,18,0798
3C,19,0799
3C,1A,079A
3C,1B,079B
3C,1C,079C
3C,1D,079D
3C,1E,079E
3C,1F,079F
3D,00,07A0
3D,01,07A1
3D,02,07A2
3D,03,07A3
3D,04,07A4
3D,05,07A5
3D,06,07A6
3D,07,07A7
3D,08,07A8
3D,09,07A9
3D,0A,07AA
3D,0B,07AB
3D,0C,07AC
3D,0D,07AD
3D,0E,07AE
3D,0F,07AF
3D,10,07B0
3D,11,07B1
3D,12,07B2
3D,13,07B3
3D,14,07B4
3D,15,07B5
3D,16,07B6
3D,17,07B7
3D,18,07B8
3D,19,07B9
3D,1A,07BA
3D,1B,07BB
3D,1C,07BC
3D,1D,07BD
3D,1E,07BE
3D,1F,07BF
3E,00,07C0
3E,01,07C1
3E,02,07C2
3E,03,07C3
3E,04,07C4
3E,05,07C5
3E,06,07C6
3E,07,07C7
3E,08,07C8
3E,09,07C9
3E,0A,07CA
3E,0B,07CB
3E,0C,07CC
3E,0D,07CD
3E,0E,07CE
3E,0F,07CF
3E,10,07D0
3E,11,07D1
3E,12,07D2
3E,13,07D3
3E,14,07D4
3E,15,07D5
3E,16,07D6
3E,17,07D7
3E,18,07D8
3E,19,07D9
3E,1A,07DA
3E,1B,07DB
3E,1C,07DC
3E,1D,07DD
3E,1E,07DE
3E,1F,07DF
3F,00,07E0
3F,01,07E1
3F,02,07E2
3F,03,07E3
3F,04,07E4
3F,05,07E5
3F,06,07E6
3F,07,07E7
3F,08,07E8
3F,09,07E9
3F,0A,07EA
3F,0B,07EB
3F,0C,07EC
3F,0D,07ED
3F,0E,07EE
3F,0F,07EF
3F,10,07F0
3F,11,07F1
3F,12,07F2
3F,13,07F3
3F,14,07F4
3F,15,07F5
3F,16,07F6
3F,17,07F7
3F,18,07F8
3F,19,07F9
3F,1A,07FA
3F,1B,07FB
3F,1C,07FC
3F,1D,07FD
3F,1E,07FE
3F,1F,07FF
40,00,0800
40,01,0801
40,02,0802
40,03,0803
40,04,0804
40,05,0805
40,06,0806
40,07,0807
40,08,0808
40,09,0809
40,0A,080A
40,0B,080B
40,0C,080C
40,0D,080D
40,0E,080E
40,0F,080F
40,10,0810
40,11,0811
40,12,0812
40,13,0813
40,14,0814
40,15,0815
40,16,0816
40,17,0817
40,18,0818
40,19,0819
40,1A,081A
40,1B,081B
40,1C,081C
40,1D,081D
40,1E,081E
40,1F,081F
41,00,0820
41,01,0821
41,02,0822
41,03,0823
41,04,0824
41,05,0825
41,06,0826
41,07,0827
41,08,08D6
41,09,08D7
41,0A,08D8
41,0B,08D9
41,0C,08DA
41,0D,08DB
41,0E,08DC
41,0F,08DD
41,10,08DE
41,11,08DF
41,12,08E0
41,13,08E1
41,14,08E2
41,15,08E3
41,16,08E4
41,17,08E5
41,18,08E6
41,19,08E7
41,1A,08E8
41,1B,08E9
41,1C,08EA
41,1D,08EB
41,1E,08EC
41,1F,08ED
42,00,08EE
42,01,08EF
42,02,08F0
42,03,08F1
42,04,08F2
42,05,08F3
42,06,08F4
42,07,08F5
42,08,08F6
42,09,08F7
42,0A,08F8
42,0B,08F9
42,0C,08FA
42,0D,08FB
42,0E,08FC
42,0F,08FD
42,10,08FE
42,11,08FF
42,12,0900
42,13,0901
42,14,0902
42,15,0903
42,16,0904
42,17,0905
42,18,0906
42,19,0907
42,1A,0908
42,1B,0909
42,1C,090A
42,1D,090B
42,1E,090C
42,1F,090D
43,00,090E
43,01,090F
43,02,0910
43,03,0911
43,04,0912
43,05,0913
43,06,0914
43,07,0915
43,08,0916
43,09,0917
43,0A,0918
43,0B,0919
43,0C,091A
43,0D,091B
43,0E,091C
43,0F,091D
43,10,091E
43,11,091F
43,12,0920
43,13,0921
43,14,0922
43,15,0923
43,16,0924
43,17,0925
43,18,0926
43,19,0927
43,1A,0928
43,1B,0929
43,1C,092A
43,1D,092B
43,1E,092C
43,1F,092D
44,00,092E
44,01,092F
44,02,0930
44,03,0931
44,04,0932
44,05,0933
44,06,0934
44,07,0935
44,08,0936
44,09,0937
44,0A,0938
44,0B,0939
44,0C,093A
44,0D,093B
44,0E,093C
44,0F,093D
44,10,093E
44,11,093F
44,12,0940
44,13,0941
44,14,0942
44,15,0943
44,16,0944
44,17,0945
44,18,0946
44,19,0947
44,1A,0948
44,1B,0949
44,1C,094A
44,1D,094B
44,1E,094C
44,1F,094D
45,00,094E
45,01,094F
45,02,0950
45,03,0951
45,04,0952
45,05,0953
45,06,0954
45,07,0955
45,08,0956
45,09,0957
45,0A,0958
45,0B,0959
45,0C,095A
45,0D,095B
45,0E,095C
45,0F,095D
45,10,095E
45,11,095F
45,12,0960
45,13,0961
45,14,0962
45,15,0963
45,16,0964
45,17,0965
45,18,0966
45,19,0967
45,1A,0968
45,1B,0969
45,1C,096A
45,1D,096B
45,1E,096C
45,1F,096D
46,00,096E
46,01,096F
46,02,0970
46,03,0971
46,04,0972
46,05,0973
46,06,0974
46,07,0975
46,08,0976
46,09,0977
46,0A,0978
46,0B,0979
46,0C,097A
46,0D,097B
46,0E,097C
46,0F,097D
46,10,097E
46,11,097F
46,12,0980
46,13,0981
46,14,0982
46,15,0983
46,16,0984
46,17,0985
46,18,0986
46,19,0987
46,1A,0988
46,1B,0989
46,1C,098A
46,1D,098B
46,1E,098C
46,1F,098D
47,00,098E
47,01,098F
47,02,0990
47,03,0991
47,04,0992
47,05,0993
47,06,0994
47,07,0995
47,08,0996
47,09,0997
47,0A,0998
47,0B,0999
47,0C,099A
47,0D,099B
47,0E,099C
47,0F,099D
47,10,099E
47,11,099F
47,12,09A0
47,13,09A1
47,14,09A2
47,15,09A3
47,16,09A4
47,17,09A5
47,18,09A6
47,19,09A7
47,1A,09A8
47,1B,09A9
47,1C,09AA
47,1D,09AB
47,1E,09AC
47,1F,09AD
48,00,09AE
48,01,09AF
48,02,09B0
48,03,09B1
48,04,09B2
48,05,09B3
48,06,09B4
48,07,09B5
48,08,09B6
48,09,09B7
48,0A,09B8
48,0B,09B9
48,0C,09BA
48,0D,09BB
48,0E,09BC
48,0F,09BD
48,10,09BE
48,11,09BF
48,12,09C0
48,13,09C1
48,14,09C2
48,15,09C3
48,16,09C4
48,17,09C5
48,18,09C6
48,19,09C7
48,1A,09C8
48,1B,09C9
48,1C,09CA
48,1D,09CB
48,1E,09CC
48,1F,09CD
49,00,09CE
49,01,09CF
49,02,09D0
49,03,09D1
49,04,09D2
49,05,09D3
49,06,09D4
49,07,09D5
49,08,09D6
49,09,09D7
49,0A,09D8
49,0B,09D9
49,0C,09DA
49,0D,09DB
49,0E,09DC
49,0F,09DD
49,10,09DE
49,11,09DF
49,12,09E0
49,13,09E1
49,14,09E2
49,15,09E3
49,16,09E4
49,17,09E5
49,18,09E6
49,19,09E7
49,1A,09E8
49,1B,09E9
49,1C,09EA
49,1D,09EB
49,1E,09EC
49,1F,09ED
4A,00,09EE
4A,01,09EF
4A,02,09F0
4A,03,09F1
4A,04,09F2
4A,05,09F3
4A,06,09F4
4A,07,09F5
4A,08,09F6
4A,09,09F7
4A,0A,09F8
4A,0B,09F9
4A,0C,09FA
4A,0D,09FB
4A,0E,09FC
4A,0F,09FD
4A,10,09FE
4A,11,09FF
4A,12,0A00
4A,13,0A01
4A,14,0A02
4A,15,0A03
4A,16,0A04
4A,17,0A05
4A,18,0A06
4A,19,0A07
4A,1A,0A08
4A,1B,0A09
4A,1C,0A0A
4A,1D,0A0B
4A,1E,0A0C
4A,1F,0A0D
4B,00,0A0E
4B,01,0A0F
4B,02,0A10
4B,03,0A11
4B,04,0A12
4B,05,0A13
4B,06,0A14
4B,07,0A15
4B,08,0A16
4B,09,0A17
4B,0A,0A18
4B,0B,0A19
4B,0C,0A1A
4B,0D,0A1B
4B,0E,0A1C
4B,0F,0A1D
4B,10,0A1E
4B,11,0A1F
4B,12,0A20
4B,13,0A21
4B,14,0A22
4B,15,0A23
4B,16,0A24
4B,17,0A25
4B,18,0A26
4B,19,0A27
4B,1A,0A28
4B,1B,0A29
4B,1C,0A2A
4B,1D,0A2B
4B,1E,0A2C
4B,1F,0A2D
4C,00,0A2E
4C,01,0A2F
4C,02,0A30
4C,03,0A31
4C,04,0A32
4C,05,0A33
4C,06,0A34
4C,07,0A35
4C,08,0A36
4C,09,0A37
4C,0A,0A38
4C,0B,0A39
4C,0C,0A3A
4C,0D,0A3B
4C,0E,0A3C
4C,0F,0A3D
4C,10,0A3E
4C,11,0A3F
4C,12,0A40
4C,13,0A41
4C,14,0A42
4C,15,0A43
4C,16,0A44
4C,17,0A45
4C,18,0A46
4C,19,0A47
4C,1A,0A48
4C,1B,0A49
4C,1C,0A4A
4C,1D,0A4B
4C,1E,0A4C
4C,1F,0A4D
4D,00,0A4E
4D,01,0A4F
4D,02,0A50
4D,03,0A51
4D,04,0A52
4D,05,0A53
4D,06,0A54
4D,07,0A55
4D,08,0A56
4D,09,0A57
4D,0A,0A58
4D,0B,0A59
4D,0C,0A5A
4D,0D,0A5B
4D,0E,0A5C
4D,0F,0A5D
4D,10,0A5E
4D,11,0A5F
4D,12,0A60
4D,13,0A61
4D,14,0A62
4D,15,0A63
4D,16,0A64
4D,17,0A65
4D,18,0A66
4D,19,0A67
4D,1A,0A68
4D,1B,0A69
4D,1C,0A6A
4D,1D,0A6B
4D,1E,0A6C
4D,1F,0A6D
4E,00,0A6E
4E,01,0A6F
4E,02,0A70
4E,03,0A71
4E,04,0A72
4E,05,0A73
4E,06,0A74
4E,07,0A75
4E,08,0A76
4E,09,0A77
4E,0A,0A78
4E,0B,0A79
4E,0C,0A7A
4E,0D,0A7B
4E,0E,0A7C
4E,0F,0A7D
4E,10,0A7E
4E,11,0A7F
4E,12,0A80
4E,13,0A81
4E,14,0A82
4E,15,0A83
4E,16,0A84
4E,17,0A85
4E,18,0A86
4E,19,0A87
4E,1A,0A88
4E,1B,0A89
4E,1C,0A8A
4E,1D,0A8B
4E,1E,0A8C
4E,1F,0A8D
4F,00,0A8E
4F,01,0A8F
4F,02,0A90
4F,03,0A91
4F,04,0A92
4F,05,0A93
4F,06,0A94
4F,07,0A95
4F,08,0A96
4F,09,0A97
4F,0A,0A98
4F,0B,0A99
4F,0C,0A9A
4F,0D,0A9B
4F,0E,0A9C
4F,0F,0A9D
4F,10,0A9E
4F,11,0A9F
4F,12,0AA0
4F,13,0AA1
4F,14,0AA2
4F,15,0AA3
4F,16,0AA4
4F,17,0AA5
4F,18,0AA6
4F,19,0AA7
4F,1A,0AA8
4F,1B,0AA9
4F,1C,0AAA
4F,1D,0AAB
4F,1E,0AAC
4F,1F,0AAD
50,00,0AAE
50,01,0AAF
50,02,0AB0
50,03,0AB1
50,04,0AB2
50,05,0AB3
50,06,0AB4
50,07,0AB5
50,08,0AB6
50,09,0AB7
50,0A,0AB8
50,0B,0AB9
50,0C,0ABA
50,0D,0ABB
50,0E,0ABC
50,0F,0ABD
50,10,0ABE
50,11,0ABF
50,12,0AC0
50,13,0AC1
50,14,0AC2
50,15,0AC3
50,16,0AC4
50,17,0AC5
50,18,0AC6
50,19,0AC7
50,1A,0AC8
50,1B,0AC9
50,1C,0ACA
50,1D,0ACB
50,1E,0ACC
50,1F,0ACD
51,00,0ACE
51,01,0ACF
51,02,0AD0
51,03,0AD1
51,04,0AD2
51,05,0AD3
51,06,0AD4
51,07,0AD5
51,08,0AD6
51,09,0AD7
51,0A,0AD8
51,0B,0AD9
51,0C,0ADA
51,0D,0ADB
51,0E,0ADC
51,0F,0ADD
51,10,0ADE
51,11,0ADF
51,12,0AE0
51,13,0AE1
51,14,0AE2
51,15,0AE3
51,16,0AE4
51,17,0AE5
51,18,0AE6
51,19,0AE7
51,1A,0AE8
51,1B,0AE9
51,1C,0AEA
51,1D,0AEB
51,1E,0AEC
51,1F,0AED
52,00,0AEE
52,01,0AEF
52,02,0AF0
52,03,0AF1
52,04,0AF2
52,05,0AF3
52,06,0AF4
52,07,0AF5
52,08,0AF6
52,09,0AF7
52,0A,0AF8
52,0B,0AF9
52,0C,0AFA
52,0D,0AFB
52,0E,0AFC
52,0F,0AFD
52,10,0AFE
52,11,0AFF
52,12,0B00
52,13,0B01
52,14,0B02
52,15,0B03
52,16,0B04
52,17,0B05
52,18,0B06
52,19,0B07
52,1A,0B08
52,1B,0B09
52,1C,0B0A
52,1D,0B0B
52,1E,0B0C
52,1F,0B0D
53,00,0B0E
53,01,0B0F
53,02,0B10
53,03,0B11
53,04,0B12
53,05,0B13
53,06,0B14
53,07,0B15
53,08,0B16
53,09,0B17
53,0A,0B18
53,0B,0B19
53,0C,0B1A
53,0D,0B1B
53,0E,0B1C
53,0F,0B1D
53,10,0B1E
53,11,0B1F
53,12,0B20
53,13,0B21
53,14,0B22
53,15,0B23
53,16,0B24
53,17,0B25
53,18,0B26
53,19,0B27
53,1A,0B28
53,1B,0B29
53,1C,0B2A
53,1D,0B2B
53,1E,0B2C
53,1F,0B2D
54,00,0B2E
54,01,0B2F
54,02,0B30
54,03,0B31
54,04,0B32
54,05,0B33
54,06,0B34
54,07,0B35
54,08,0B36
54,09,0B37
54,0A,0B38
54,0B,0B39
54,0C,0B3A
54,0D,0B3B
54,0E,0B3C
54,0F,0B3D
54,10,0B3E
54,11,0B3F
54,12,0B40
54,13,0B41
54,14,0B42
54,15,0B43
54,16,0B44
54,17,0B45
54,18,0B46
54,19,0B47
54,1A,0B48
54,1B,0B49
54,1C,0B4A
54,1D,0B4B
54,1E,0B4C
54,1F,0B4D
55,00,0B4E
55,01,0B4F
55,02,0B50
55,03,0B51
55,04,0B52
55,05,0B53
55,06,0B54
55,07,0B55
55,08,0B56
55,09,0B57
55,0A,0B58
55,0B,0B59
55,0C,0B5A
55,0D,0B5B
55,0E,0B5C
55,0F,0B5D
55,10,0B5E
55,11,0B5F
55,12,0B60
55,13,0B61
55,14,0B62
55,15,0B63
55,16,0B64
55,17,0B65
55,18,0B66
55,19,0B67
55,1A,0B68
55,1B,0B69
55,1C,0B6A
55,1D,0B6B
55,1E,0B6C
55,1F,0B6D
56,00,0B6E
56,01,0B6F
56,02,0B70
56,03,0B71
56,04,0B72
56,05,0B73
56,06,0B74
56,07,0B75
56,08,0B76
56,09,0B77
56,0A,0B78
56,0B,0B79
56,0C,0B7A
56,0D,0B7B
56,0E,0B7C
56,0F,0B7D
56,10,0B7E
56,11,0B7F
56,12,0B80
56,13,0B81
56,14,0B82
56,15,0B83
56,16,0B84
56,17,0B85
56,18,0B86
56,19,0B87
56,1A,0B88
56,1B,0B89
56,1C,0B8A
56,1D,0B8B
56,1E,0B8C
56,1F,0B8D
57,00,0B8E
57,01,0B8F
57,02,0B90
57,03,0B91
57,04,0B92
57,05,0B93
57,06,0B94
57,07,0B95
57,08,0B96
57,09,0B97
57,0A,0B98
57,0B,0B99
57,0C,0B9A
57,0D,0B9B
57,0E,0B9C
57,0F,0B9D
57,10,0B9E
57,11,0B9F
57,12,0BA0
57,13,0BA1
57,14,0BA2
57,15,0BA3
57,16,0BA4
57,17,0BA5
57,18,0BA6
57,19,0BA7
57,1A,0BA8
57,1B,0BA9
57,1C,0BAA
57,1D,0BAB
57,1E,0BAC
57,1F,0BAD
58,00,0BAE
58,01,0BAF
58,02,0BB0
58,03,0BB1
58,04,0BB2
58,05,0BB3
58,06,0BB4
58,07,0BB5
58,08,0BB6
58,09,0BB7
58,0A,0BB8
58,0B,0BB9
58,0C,0BBA
58,0D,0BBB
58,0E,0BBC
58,0F,0BBD
58,10,0BBE
58,11,0BBF
58,12,0BC0
58,13,0BC1
58,14,0BC2
58,15,0BC3
58,16,0BC4
58,17,0BC5
58,18,0BC6
58,19,0BC7
58,1A,0BC8
58,1B,0BC9
58,1C,0BCA
58,1D,0BCB
58,1E,0BCC
58,1F,0BCD
59,00,0BCE
59,01,0BCF
59,02,0BD0
59,03,0BD1
59,04,0BD2
59,05,0BD3
59,06,0BD4
59,07,0BD5
59,08,0BD6
59,09,0BD7
59,0A,0BD8
59,0B,0BD9
59,0C,0BDA
59,0D,0BDB
59,0E,0BDC
59,0F,0BDD
59,10,0BDE
59,11,0BDF
59,12,0BE0
59,13,0BE1
59,14,0BE2
59,15,0BE3
59,16,0BE4
59,17,0BE5
59,18,0BE6
59,19,0BE7
59,1A,0BE8
59,1B,0BE9
59,1C,0BEA
59,1D,0BEB
59,1E,0BEC
59,1F,0BED
5A,00,0BEE
5A,01,0BEF
5A,02,0BF0
5A,03,0BF1
5A,04,0BF2
5A,05,0BF3
5A,06,0BF4
5A,07,0BF5
5A,08,0BF6
5A,09,0BF7
5A,0A,0BF8
5A,0B,0BF9
5A,0C,0BFA
5A,0D,0BFB
5A,0E,0BFC
5A,0F,0BFD
5A,10,0BFE
5A,11,0BFF
5A,12,0C00
5A,13,0C01
5A,14,0C02
5A,15,0C03
5A,16,0C04
5A,17,0C05
5A,18,0C06
5A,19,0C07
5A,1A,0C08
5A,1B,0C09
5A,1C,0C0A
5A,1D,0C0B
5A,1E,0C0C
5A,1F,0C0D
5B,00,0C0E
5B,01,0C0F
5B,02,0C10
5B,03,0C11
5B,04,0C12
5B,05,0C13
5B,06,0C14
5B,07,0C15
5B,08,0C16
5B,09,0C17
5B,0A,0C18
5B,0B,0C19
5B,0C,0C1A
5B,0D,0C1B
5B,0E,0C1C
5B,0F,0C1D
5B,10,0C1E
5B,11,0C1F
5B,12,0C20
5B,13,0C21
5B,14,0C22
5B,15,0C23
5B,16,0C24
5B,17,0C25
5B,18,0C26
5B,19,0C27
5B,1A,0C28
5B,1B,0C29
5B,1C,0C2A
5B,1D,0C2B
5B,1E,0C2C
5B,1F,0C2D
5C,00,0C2E
5C,01,0C2F
5C,02,0C30
5C,03,0C31
5C,04,0C32
5C,05,0C33
5C,06,0C34
5C,07,0C35
5C,08,0C36
5C,09,0C37
5C,0A,0C38
5C,0B,0C39
5C,0C,0C3A
5C,0D,0C3B
5C,0E,0C3C
5C,0F,0C3D
5C,10,0C3E
5C,11,0C3F
5C,12,0C40
5C,13,0C41
5C,14,0C42
5C,15,0C43
5C,16,0C44
5C,17,0C45
5C,18,0C46
5C,19,0C47
5C,1A,0C48
5C,1B,0C49
5C,1C,0C4A
5C,1D,0C4B
5C,1E,0C4C
5C,1F,0C4D
5D,00,0C4E
5D,01,0C4F
5D,02,0C50
5D,03,0C51
5D,04,0C52
5D,05,0C53
5D,06,0C54
5D,07,0C55
5D,08,0C56
5D,09,0C57
5D,0A,0C58
5D,0B,0C59
5D,0C,0C5A
5D,0D,0C5B
5D,0E,0C5C
5D,0F,0C5D
5D,10,0C5E
5D,11,0C5F
5D,12,0C60
5D,13,0C61
5D,14,0C62
5D,15,0C63
5D,16,0C64
5D,17,0C65
5D,18,0C66
5D,19,0C67
5D,1A,0C68
5D,1B,0C69
5D,1C,0C6A
5D,1D,0C6B
5D,1E,0C6C
5D,1F,0C6D
5E,00,0C6E
5E,01,0C6F
5E,02,0C70
5E,03,0C71
5E,04,0C72
5E,05,0C73
5E,06,0C74
5E,07,0C75
5E,08,0C76
5E,09,0C77
5E,0A,0C78
5E,0B,0C79
5E,0C,0C7A
5E,0D,0C7B
5E,0E,0C7C
5E,0F,0C7D
5E,10,0C7E
5E,11,0C7F
5E,12,0C80
5E,13,0C81
5E,14,0C82
5E,15,0C83
5E,16,0C84
5E,17,0C85
5E,18,0C86
5E,19,0C87
5E,1A,0C88
5E,1B,0C89
5E,1C,0C8A
5E,1D,0C8B
5E,1E,0C8C
5E,1F,0C8D
5F,00,0C8E
5F,01,0C8F
5F,02,0C90
5F,03,0C91
5F,04,0C92
5F,05,0C93
5F,06,0C94
5F,07,0C95
5F,08,0C96
5F,09,0C97
5F,0A,0C98
5F,0B,0C99
5F,0C,0C9A
5F,0D,0C9B
5F,0E,0C9C
5F,0F,0C9D
5F,10,0C9E
5F,11,0C9F
5F,12,0CA0
5F,13,0CA1
5F,14,0CA2
5F,15,0CA3
5F,16,0CA4
5F,17,0CA5
5F,18,0CA6
5F,19,0CA7
5F,1A,0CA8
5F,1B,0CA9
5F,1C,0CAA
5F,1D,0CAB
5F,1E,0CAC
5F,1F,0CAD
60,00,0CAE
60,01,0CAF
60,02,0CB0
60,03,0CB1
60,04,0CB2
60,05,0CB3
60,06,0CB4
60,07,0CB5
60,08,0CB6
60,09,0CB7
60,0A,0CB8
60,0B,0CB9
60,0C,0CBA
60,0D,0CBB
60,0E,0CBC
60,0F,0CBD
60,10,0CBE
60,11,0CBF
60,12,0CC0
60,13,0CC1
60,14,0CC2
60,15,0CC3
60,16,0CC4
60,17,0CC5
60,18,0CC6
60,19,0CC7
60,1A,0CC8
60,1B,0CC9
60,1C,0CCA
60,1D,0CCB
60,1E,0CCC
60,1F,0CCD
61,00,0CCE
61,01,0CCF
61,02,0CD0
61,03,0CD1
61,04,0CD2
61,05,0CD3
61,06,0CD4
61,07,0CD5
61,08,0CD6
61,09,0CD7
61,0A,0CD8
61,0B,0CD9
61,0C,0CDA
61,0D,0CDB
61,0E,0CDC
61,0F,0CDD
61,10,0CDE
61,11,0CDF
61,12,0CE0
61,13,0CE1
61,14,0CE2
61,15,0CE3
61,16,0CE4
61,17,0CE5
61,18,0CE6
61,19,0CE7
61,1A,0CE8
61,1B,0CE9
61,1C,0CEA
61,1D,0CEB
61,1E,0CEC
61,1F,0CED
62,00,0CEE
62,01,0CEF
62,02,0CF0
62,03,0CF1
62,04,0CF2
62,05,0CF3
62,06,0CF4
62,07,0CF5
62,08,0CF6
62,09,0CF7
62,0A,0CF8
62,0B,0CF9
62,0C,0CFA
62,0D,0CFB
62,0E,0CFC
62,0F,0CFD
62,10,0CFE
62,11,0CFF
62,12,0D00
62,13,0D01
62,14,0D02
62,15,0D03
62,16,0D04
62,17,0D05
62,18,0D06
62,19,0D07
62,1A,0D08
62,1B,0D09
62,1C,0D0A
62,1D,0D0B
62,1E,0D0C
62,1F,0D0D
63,00,0D0E
63,01,0D0F
63,02,0D10
63,03,0D11
63,04,0D12
63,05,0D13
63,06,0D14
63,07,0D15
63,08,0D16
63,09,0D17
63,0A,0D18
63,0B,0D19
63,0C,0D1A
63,0D,0D1B
63,0E,0D1C
63,0F,0D1D
63,10,0D1E
63,11,0D1F
63,12,0D20
63,13,0D21
63,14,0D22
63,15,0D23
63,16,0D24
63,17,0D25
63,18,0D26
63,19,0D27
63,1A,0D28
63,1B,0D29
63,1C,0D2A
63,1D,0D2B
63,1E,0D2C
63,1F,0D2D
64,00,0D2E
64,01,0D2F
64,02,0D30
64,03,0D31
64,04,0D32
64,05,0D33
64,06,0D34
64,07,0D35
64,08,0D36
64,09,0D37
64,0A,0D38
64,0B,0D39
64,0C,0D3A
64,0D,0D3B
64,0E,0D3C
64,0F,0D3D
64,10,0D3E
64,11,0D3F
64,12,0D40
64,13,0D41
64,14,0D42
64,15,0D43
64,16,0D44
64,17,0D45
64,18,0D46
64,19,0D47
64,1A,0D48
64,1B,0D49
64,1C,0D4A
64,1D,0D4B
64,1E,0D4C
64,1F,0D4D
65,00,0D4E
65,01,0D4F
65,02,0D50
65,03,0D51
65,04,0D52
65,05,0D53
65,06,0D54
65,07,0D55
65,08,0D56
65,09,0D57
65,0A,0D58
65,0B,0D59
65,0C,0D5A
65,0D,0D5B
65,0E,0D5C
65,0F,0D5D
65,10,0D5E
65,11,0D5F
65,12,0D60
65,13,0D61
65,14,0D62
65,15,0D63
65,16,0D64
65,17,0D65
65,18,0D66
65,19,0D67
65,1A,0D68
65,1B,0D69
65,1C,0D6A
65,1D,0D6B
65,1E,0D6C
65,1F,0D6D
66,00,0D6E
66,01,0D6F
66,02,0D70
66,03,0D71
66,04,0D72
66,05,0D73
66,06,0D74
66,07,0D75
66,08,0D76
66,09,0D77
66,0A,0D78
66,0B,0D79
66,0C,0D7A
66,0D,0D7B
66,0E,0D7C
66,0F,0D7D
66,10,0D7E
66,11,0D7F
66,12,0D80
66,13,0D81
66,14,0D82
66,15,0D83
66,16,0D84
66,17,0D85
66,18,0D86
66,19,0D87
66,1A,0D88
66,1B,0D89
66,1C,0D8A
66,1D,0D8B
66,1E,0D8C
66,1F,0D8D
67,00,0D8E
67,01,0D8F
67,02,0D90
67,03,0D91
67,04,0D92
67,05,0D93
67,06,0D94
67,07,0D95
67,08,0D96
67,09,0D97
67,0A,0D98
67,0B,0D99
67,0C,0D9A
67,0D,0D9B
67,0E,0D9C
67,0F,0D9D
67,10,0D9E
67,11,0D9F
67,12,0DA0
67,13,0DA1
67,14,0DA2
67,15,0DA3
67,16,0DA4
67,17,0DA5
67,18,0DA6
67,19,0DA7
67,1A,0DA8
67,1B,0DA9
67,1C,0DAA
67,1D,0DAB
67,1E,0DAC
67,1F,0DAD
68,00,0DAE
68,01,0DAF
68,02,0DB0
68,03,0DB1
68,04,0DB2
68,05,0DB3
68,06,0DB4
68,07,0DB5
68,08,0DB6
68,09,0DB7
68,0A,0DB8
68,0B,0DB9
68,0C,0DBA
68,0D,0DBB
68,0E,0DBC
68,0F,0DBD
68,10,0DBE
68,11,0DBF
68,12,0DC0
68,13,0DC1
68,14,0DC2
68,15,0DC3
68,16,0DC4
68,17,0DC5
68,18,0DC6
68,19,0DC7
68,1A,0DC8
68,1B,0DC9
68,1C,0DCA
68,1D,0DCB
68,1E,0DCC
68,1F,0DCD
69,00,0DCE
69,01,0DCF
69,02,0DD0
69,03,0DD1
69,04,0DD2
69,05,0DD3
69,06,0DD4
69,07,0DD5
69,08,0DD6
69,09,0DD7
69,0A,0DD8
69,0B,0DD9
69,0C,0DDA
69,0D,0DDB
69,0E,0DDC
69,0F,0DDD
69,10,0DDE
69,11,0DDF
69,12,0DE0
69,13,0DE1
69,14,0DE2
69,15,0DE3
69,16,0DE4
69,17,0DE5
69,18,0DE6
69,19,0DE7
69,1A,0DE8
69,1B,0DE9
69,1C,0DEA
69,1D,0DEB
69,1E,0DEC
69,1F,0DED
6A,00,0DEE
6A,01,0DEF
6A,02,0DF0
6A,03,0DF1
6A,04,0DF2
6A,05,0DF3
6A,06,0DF4
6A,07,0DF5
6A,08,0DF6
6A,09,0DF7
6A,0A,0DF8
6A,0B,0DF9
6A,0C,0DFA
6A,0D,0DFB
6A,0E,0DFC
6A,0F,0DFD
6A,10,0DFE
6A,11,0DFF
6A,12,0E00
6A,13,0E01
6A,14,0E02
6A,15,0E03
6A,16,0E04
6A,17,0E05
6A,18,0E06
6A,19,0E07
6A,1A,0E08
6A,1B,0E09
6A,1C,0E0A
6A,1D,0E0B
6A,1E,0E0C
6A,1F,0E0D
6B,00,0E0E
6B,01,0E0F
6B,02,0E10
6B,03,0E11
6B,04,0E12
6B,05,0E13
6B,06,0E14
6B,07,0E15
6B,08,0E16
6B,09,0E17
6B,0A,0E18
6B,0B,0E19
6B,0C,0E1A
6B,0D,0E1B
6B,0E,0E1C
6B,0F,0E1D
6B,10,0E1E
6B,11,0E1F
6B,12,0E20
6B,13,0E21
6B,14,0E22
6B,15,0E23
6B,16,0E24
6B,17,0E25
6B,18,0E26
6B,19,0E27
6B,1A,0E28
6B,1B,0E29
6B,1C,0E2A
6B,1D,0E2B
6B,1E,0E2C
6B,1F,0E2D
6C,00,0E2E
6C,01,0E2F
6C,02,0E30
6C,03,0E31
6C,04,0E32
6C,05,0E33
6C,06,0E34
6C,07,0E35
6C,08,0E36
6C,09,0E37
6C,0A,0E38
6C,0B,0E39
6C,0C,0E3A
6C,0D,0E3B
6C,0E,0E3C
6C,0F,0E3D
6C,10,0E3E
6C,11,0E3F
6C,12,0E40
6C,13,0E41
6C,14,0E42
6C,15,0E43
6C,16,0E44
6C,17,0E45
6C,18,0E46
6C,19,0E47
6C,1A,0E48
6C,1B,0E49
6C,1C,0E4A
6C,1D,0E4B
6C,1E,0E4C
6C,1F,0E4D
6D,00,0E4E
6D,01,0E4F
6D,02,0E50
6D,03,0E51
6D,04,0E52
6D,05,0E53
6D,06,0E54
6D,07,0E55
6D,08,0E56
6D,09,0E57
6D,0A,0E58
6D,0B,0E59
6D,0C,0E5A
6D,0D,0E5B
6D,0E,0E5C
6D,0F,0E5D
6D,10,0E5E
6D,11,0E5F
6D,12,0E60
6D,13,0E61
6D,14,0E62
6D,15,0E63
6D,16,0E64
6D,17,0E65
6D,18,0E66
6D,19,0E67
6D,1A,0E68
6D,1B,0E69
6D,1C,0E6A
6D,1D,0E6B
6D,1E,0E6C
6D,1F,0E6D
6E,00,0E6E
6E,01,0E6F
6E,02,0E70
6E,03,0E71
6E,04,0E72
6E,05,0E73
6E,06,0E74
6E,07,0E75
6E,08,0E76
6E,09,0E77
6E,0A,0E78
6E,0B,0E79
6E,0C,0E7A
6E,0D,0E7B
6E,0E,0E7C
6E,0F,0E7D
6E,10,0E7E
6E,11,0E7F
6E,12,0E80
6E,13,0E81
6E,14,0E82
6E,15,0E83
6E,16,0E84
6E,17,0E85
6E,18,0E86
6E,19,0E87
6E,1A,0E88
6E,1B,0E89
6E,1C,0E8A
6E,1D,0E8B
6E,1E,0E8C
6E,1F,0E8D
6F,00,0E8E
6F,01,0E8F
6F,02,0E90
6F,03,0E91
6F,04,0E92
6F,05,0E93
6F,06,0E94
6F,07,0E95
6F,08,0E96
6F,09,0E97
6F,0A,0E98
6F,0B,0E99
6F,0C,0E9A
6F,0D,0E9B
6F,0E,0E9C
6F,0F,0E9D
6F,10,0E9E
6F,11,0E9F
6F,12,0EA0
6F,13,0EA1
6F,14,0EA2
6F,15,0EA3
6F,16,0EA4
6F,17,0EA5
6F,18,0EA6
6F,19,0EA7
6F,1A,0EA8
6F,1B,0EA9
6F,1C,0EAA
6F,1D,0EAB
6F,1E,0EAC
6F,1F,0EAD
70,00,0EAE
70,01,0EAF
70,02,0EB0
70,03,0EB1
70,04,0EB2
70,05,0EB3
70,06,0EB4
70,07,0EB5
70,08,0EB6
70,09,0EB7
70,0A,0EB8
70,0B,0EB9
70,0C,0EBA
70,0D,0EBB
70,0E,0EBC
70,0F,0EBD
70,10,0EBE
70,11,0EBF
70,12,0EC0
70,13,0EC1
70,14,0EC2
70,15,0EC3
70,16,0EC4
70,17,0EC5
70,18,0EC6
70,19,0EC7
70,1A,0EC8
70,1B,0EC9
70,1C,0ECA
70,1D,0ECB
70,1E,0ECC
70,1F,0ECD
71,00,0ECE
71,01,0ECF
71,02,0ED0
71,03,0ED1
71,04,0ED2
71,05,0ED3
71,06,0ED4
71,07,0ED5
71,08,0ED6
71,09,0ED7
71,0A,0ED8
71,0B,0ED9
71,0C,0EDA
71,0D,0EDB
71,0E,0EDC
71,0F,0EDD
71,10,0EDE
71,11,0EDF
71,12,0EE0
71,13,0EE1
71,14,0EE2
71,15,0EE3
71,16,0EE4
71,17,0EE5
71,18,0EE6
71,19,0EE7
71,1A,0EE8
71,1B,0EE9
71,1C,0EEA
71,1D,0EEB
71,1E,0EEC
71,1F,0EED
72,00,0EEE
72,01,0EEF
72,02,0EF0
72,03,0EF1
72,04,0EF2
72,05,0EF3
72,06,0EF4
72,07,0EF5
72,08,0EF6
72,09,0EF7
72,0A,0EF8
72,0B,0EF9
72,0C,0EFA
72,0D,0EFB
72,0E,0EFC
72,0F,0EFD
72,10,0EFE
72,11,0EFF
72,12,0F00
72,13,0F01
72,14,0F02
72,15,0F03
72,16,0F04
72,17,0F05
72,18,0F06
72,19,0F07
72,1A,0F08
72,1B,0F09
72,1C,0F0A
72,1D,0F0B
72,1E,0F0C
72,1F,0F0D
73,00,0F0E
73,01,0F0F
73,02,0F10
73,03,0F11
73,04,0F12
73,05,0F13
73,06,0F14
73,07,0F15
73,08,0F16
73,09,0F17
73,0A,0F18
73,0B,0F19
73,0C,0F1A
73,0D,0F1B
73,0E,0F1C
73,0F,0F1D
73,10,0F1E
73,11,0F1F
73,12,0F20
73,13,0F21
73,14,0F22
73,15,0F23
73,16,0F24
73,17,0F25
73,18,0F26
73,19,0F27
73,1A,0F28
73,1B,0F29
73,1C,0F2A
73,1D,0F2B
73,1E,0F2C
73,1F,0F2D
74,00,0F2E
74,01,0F2F
74,02,0F30
74,03,0F31
74,04,0F32
74,05,0F33
74,06,0F34
74,07,0F35
74,08,0F36
74,09,0F37
74,0A,0F38
74,0B,0F39
74,0C,0F3A
74,0D,0F3B
74,0E,0F3C
74,0F,0F3D
74,10,0F3E
74,11,0F3F
74,12,0F40
74,13,0F41
74,14,0F42
74,15,0F43
74,16,0F44
74,17,0F45
74,18,0F46
74,19,0F47
74,1A,0F48
74,1B,0F49
74,1C,0F4A
74,1D,0F4B
74,1E,0F4C
74,1F,0F4D
75,00,0F4E
75,01,0F4F
75,02,0F50
75,03,0F51
75,04,0F52
75,05,0F53
75,06,0F54
75,07,0F55
75,08,0F56
75,09,0F57
75,0A,0F58
75,0B,0F59
75,0C,0F5A
75,0D,0F5B
75,0E,0F5C
75,0F,0F5D
75,10,0F5E
75,11,0F5F
75,12,0F60
75,13,0F61
75,14,0F62
75,15,0F63
75,16,0F64
75,17,0F65
75,18,0F66
75,19,0F67
75,1A,0F68
75,1B,0F69
75,1C,0F6A
75,1D,0F6B
75,1E,0F6C
75,1F,0F6D
76,00,0F6E
76,01,0F6F
76,02,0F70
76,03,0F71
76,04,0F72
76,05,0F73
76,06,0F74
76,07,0F75
76,08,0F76
76,09,0F77
76,0A,0F78
76,0B,0F79
76,0C,0F7A
76,0D,0F7B
76,0E,0F7C
76,0F,0F7D
76,10,0F7E
76,11,0F7F
76,12,0F80
76,13,0F81
76,14,0F82
76,15,0F83
76,16,0F84
76,17,0F85
76,18,0F86
76,19,0F87
76,1A,0F88
76,1B,0F89
76,1C,0F8A
76,1D,0F8B
76,1E,0F8C
76,1F,0F8D
77,00,0F8E
77,01,0F8F
77,02,0F90
77,03,0F91
77,04,0F92
77,05,0F93
77,06,0F94
77,07,0F95
77,08,0F96
77,09,0F97
77,0A,0F98
77,0B,0F99
77,0C,0F9A
77,0D,0F9B
77,0E,0F9C
77,0F,0F9D
77,10,0F9E
77,11,0F9F
77,12,0FA0
77,13,0FA1
77,14,0FA2
77,15,0FA3
77,16,0FA4
77,17,0FA5
77,18,0FA6
77,19,0FA7
77,1A,0FA8
77,1B,0FA9
77,1C,0FAA
77,1D,0FAB
77,1E,0FAC
77,1F,0FAD
78,00,0FAE
78,01,0FAF
78,02,0FB0
78,03,0FB1
78,04,0FB2
78,05,0FB3
78,06,0FB4
78,07,0FB5
78,08,0FB6
78,09,0FB7
78,0A,0FB8
78,0B,0FB9
78,0C,0FBA
78,0D,0FBB
78,0E,0FBC
78,0F,0FBD
78,10,0FBE
78,11,0FBF
78,12,0FC0
78,13,0FC1
78,14,0FC2
78,15,0FC3
78,16,0FC4
78,17,0FC5
78,18,0FC6
78,19,0FC7
78,1A,0FC8
78,1B,0FC9
78,1C,0FCA
78,1D,0FCB
78,1E,0FCC
78,1F,0FCD
79,00,0FCE
79,01,0FCF
79,02,0FD0
79,03,0FD1
79,04,0FD2
79,05,0FD3
79,06,0FD4
79,07,0FD5
79,08,0FD6
79,09,0FD7
79,0A,0FD8
79,0B,0FD9
79,0C,0FDA
79,0D,0FDB
79,0E,0FDC
79,0F,0FDD
79,10,0FDE
79,11,0FDF
79,12,0FE0
79,13,0FE1
79,14,0FE2
79,15,0FE3
79,16,0FE4
79,17,0FE5
79,18,0FE6
79,19,0FE7
79,1A,0FE8
79,1B,0FE9
79,1C,0FEA
79,1D,0FEB
79,1E,0FEC
79,1F,0FED
7A,00,0FEE
7A,01,0FEF
7A,02,0FF0
7A,03,0FF1
7A,04,0FF2
7A,05,0FF3
7A,06,0FF4
7A,07,0FF5
7A,08,0FF6
7A,09,0FF7
7A,0A,0FF8
7A,0B,0FF9
7A,0C,0FFA
7A,0D,0FFB
7A,0E,0FFC
7A,0F,0FFD
7A,10,0FFE
7A,11,0FFF
7A,12,1000
7A,13,1001
7A,14,1002
7A,15,1003
7A,16,1004
7A,17,1005
7A,18,1006
7A,19,1007
7A,1A,1008
7A,1B,1009
7A,1C,100A
7A,1D,100B
7A,1E,100C
7A,1F,100D
7B,00,100E
7B,01,100F
7B,02,1010
7B,03,1011
7B,04,1012
7B,05,1013
7B,06,1014
7B,07,1015
7B,08,1016
7B,09,1017
7B,0A,1018
7B,0B,1019
7B,0C,101A
7B,0D,101B
7B,0E,101C
7B,0F,101D
7B,10,101E
7B,11,101F
7B,12,1020
7B,13,1021
7B,14,1022
7B,15,1023
7B,16,1024
7B,17,1025
7B,18,1026
7B,19,1027
7B,1A,1028
7B,1B,1029
7B,1C,102A
7B,1D,102B
7B,1E,102C
7B,1F,102D
7C,00,102E
7C,01,102F
7C,02,1030
7C,03,1031
7C,04,1032
7C,05,1033
7C,06,1034
7C,07,1035
7C,08,1036
7C,09,1037
7C,0A,1038
7C,0B,1039
7C,0C,103A
7C,0D,103B
7C,0E,103C
7C,0F,103D
7C,10,103E
7C,11,103F
7C,12,1040
7C,13,1041
7C,14,1042
7C,15,1043
7C,16,1044
7C,17,1045

BDOS err on B: Unknown error code
66,ILLEGAL TRACK OR SECTOR,78,00,1
7C,18,1044
7C,19,1045

BDOS err on B: Unknown error code
66,ILLEGAL TRACK OR SECTOR,78,01,1
7C,1A,1044
7C,1B,1045

BDOS err on B: Unknown error code
66,ILLEGAL TRACK OR SECTOR,78,02,1
7C,1C,1044
7C,1D,1045

BDOS err on B: Unknown error code
66,ILLEGAL TRACK OR SECTOR,78,03,1
7C,1E,1044
7C,1F,1045

BDOS err on B: Unknown error code
66,ILLEGAL TRACK OR SECTOR,78,04,1
7D,00,1044
7D,01,1045

BDOS err on B: Unknown error code
66,ILLEGAL TRACK OR SECTOR,78,05,1
7D,02,1044
7D,03,1045

BDOS err on B: Unknown error code
66,ILLEGAL TRACK OR SECTOR,78,06,1
7D,04,1044
7D,05,1045

BDOS err on B: Unknown error code
66,ILLEGAL TRACK OR SECTOR,78,07,1
7D,06,1044
7D,07,1045

BDOS err on B: Unknown error code
66,ILLEGAL TRACK OR SECTOR,78,08,1
7D,08,1044
7D,09,1045

BDOS err on B: Unknown error code
66,ILLEGAL TRACK OR SECTOR,78,09,1
7D,0A,1044
7D,0B,1045

BDOS err on B: Unknown error code
66,ILLEGAL TRACK OR SECTOR,78,10,1
7D,0C,1044
7D,0D,1045

BDOS err on B: Unknown error code
66,ILLEGAL TRACK OR SECTOR,78,11,1
7D,0E,1044
7D,0F,1045

BDOS err on B: Unknown error code
66,ILLEGAL TRACK OR SECTOR,78,12,1
7D,10,1044
7D,11,1045

BDOS err on B: Unknown error code
66,ILLEGAL TRACK OR SECTOR,78,13,1
7D,12,1044
7D,13,1045

BDOS err on B: Unknown error code
66,ILLEGAL TRACK OR SECTOR,78,14,1
7D,14,1044
7D,15,1045

BDOS err on B: Unknown error code
66,ILLEGAL TRACK OR SECTOR,78,15,1
7D,16,1044
7D,17,1045

BDOS err on B: Unknown error code
66,ILLEGAL TRACK OR SECTOR,78,16,1
7D,18,1044
7D,19,1045

BDOS err on B: Unknown error code
66,ILLEGAL TRACK OR SECTOR,78,17,1
7D,1A,1044
7D,1B,1045

BDOS err on B: Unknown error code
66,ILLEGAL TRACK OR SECTOR,78,18,1
7D,1C,1044
7D,1D,1045

BDOS err on B: Unknown error code
66,ILLEGAL TRACK OR SECTOR,78,19,1
7D,1E,1044
7D,1F,1045
