01,00,0,0000
01,00,1,0001
01,01,0,0002
01,01,1,0003
01,02,0,0004
01,02,1,0005
01,03,0,0006
01,03,1,0007
01,04,0,0008
01,04,1,0009
01,05,0,000A
01,05,1,000B
01,06,0,000C
01,06,1,000D
01,07,0,000E
01,07,1,000F
01,08,0,0010
01,08,1,0011
01,09,0,0012
01,09,1,0013
01,0A,0,0014
01,0A,1,0015
01,0B,0,0016
01,0B,1,0017
01,0C,0,0018
01,0C,1,0019
01,0D,0,001A
01,0D,1,001B
01,0E,0,001C
01,0E,1,001D
01,0F,0,001E
01,0F,1,001F
01,10,0,0020
01,10,1,0021
01,11,0,0022
01,11,1,0023
01,12,0,0024
01,12,1,0025
01,13,0,0026
01,13,1,0027
01,14,0,0028
01,14,1,0029
01,15,0,002A
01,15,1,002B
01,16,0,002C
01,16,1,002D
01,17,0,002E
01,17,1,002F
01,18,0,0030
01,18,1,0031
01,19,0,0032
01,19,1,0033
01,1A,0,0034
01,1A,1,0035
01,1B,0,0036
01,1B,1,0037
01,1C,0,0038
01,1C,1,0039
02,00,0,003A
02,00,1,003B
02,01,0,003C
02,01,1,003D
02,02,0,003E
02,02,1,003F
02,03,0,0040
02,03,1,0041
02,04,0,0042
02,04,1,0043
02,05,0,0044
02,05,1,0045
02,06,0,0046
02,06,1,0047
02,07,0,0048
02,07,1,0049
02,08,0,004A
02,08,1,004B
02,09,0,004C
02,09,1,004D
02,0A,0,004E
02,0A,1,004F
02,0B,0,0050
02,0B,1,0051
02,0C,0,0052
02,0C,1,0053
02,0D,0,0054
02,0D,1,0055
02,0E,0,0056
02,0E,1,0057
02,0F,0,0058
02,0F,1,0059
02,10,0,005A
02,10,1,005B
02,11,0,005C
02,11,1,005D
02,12,0,005E
02,12,1,005F
02,13,0,0060
02,13,1,0061
02,14,0,0062
02,14,1,0063
02,15,0,0064
02,15,1,0065
02,16,0,0066
02,16,1,0067
02,17,0,0068
02,17,1,0069
02,18,0,006A
02,18,1,006B
02,19,0,006C
02,19,1,006D
02,1A,0,006E
02,1A,1,006F
02,1B,0,0070
02,1B,1,0071
02,1C,0,0072
02,1C,1,0073
03,00,0,0074
03,00,1,0075
03,01,0,0076
03,01,1,0077
03,02,0,0078
03,02,1,0079
03,03,0,007A
03,03,1,007B
03,04,0,007C
03,04,1,007D
03,05,0,007E
03,05,1,007F
03,06,0,0080
03,06,1,0081
03,07,0,0082
03,07,1,0083
03,08,0,0084
03,08,1,0085
03,09,0,0086
03,09,1,0087
03,0A,0,0088
03,0A,1,0089
03,0B,0,008A
03,0B,1,008B
03,0C,0,008C
03,0C,1,008D
03,0D,0,008E
03,0D,1,008F
03,0E,0,0090
03,0E,1,0091
03,0F,0,0092
03,0F,1,0093
03,10,0,0094
03,10,1,0095
03,11,0,0096
03,11,1,0097
03,12,0,0098
03,12,1,0099
03,13,0,009A
03,13,1,009B
03,14,0,009C
03,14,1,009D
03,15,0,009E
03,15,1,009F
03,16,0,00A0
03,16,1,00A1
03,17,0,00A2
03,17,1,00A3
03,18,0,00A4
03,18,1,00A5
03,19,0,00A6
03,19,1,00A7
03,1A,0,00A8
03,1A,1,00A9
03,1B,0,00AA
03,1B,1,00AB
03,1C,0,00AC
03,1C,1,00AD
04,00,0,00AE
04,00,1,00AF
04,01,0,00B0
04,01,1,00B1
04,02,0,00B2
04,02,1,00B3
04,03,0,00B4
04,03,1,00B5
04,04,0,00B6
04,04,1,00B7
04,05,0,00B8
04,05,1,00B9
04,06,0,00BA
04,06,1,00BB
04,07,0,00BC
04,07,1,00BD
04,08,0,00BE
04,08,1,00BF
04,09,0,00C0
04,09,1,00C1
04,0A,0,00C2
04,0A,1,00C3
04,0B,0,00C4
04,0B,1,00C5
04,0C,0,00C6
04,0C,1,00C7
04,0D,0,00C8
04,0D,1,00C9
04,0E,0,00CA
04,0E,1,00CB
04,0F,0,00CC
04,0F,1,00CD
04,10,0,00CE
04,10,1,00CF
04,11,0,00D0
04,11,1,00D1
04,12,0,00D2
04,12,1,00D3
04,13,0,00D4
04,13,1,00D5
04,14,0,00D6
04,14,1,00D7
04,15,0,00D8
04,15,1,00D9
04,16,0,00DA
04,16,1,00DB
04,17,0,00DC
04,17,1,00DD
04,18,0,00DE
04,18,1,00DF
04,19,0,00E0
04,19,1,00E1
04,1A,0,00E2
04,1A,1,00E3
04,1B,0,00E4
04,1B,1,00E5
04,1C,0,00E6
04,1C,1,00E7
05,00,0,00E8
05,00,1,00E9
05,01,0,00EA
05,01,1,00EB
05,02,0,00EC
05,02,1,00ED
05,03,0,00EE
05,03,1,00EF
05,04,0,00F0
05,04,1,00F1
05,05,0,00F2
05,05,1,00F3
05,06,0,00F4
05,06,1,00F5
05,07,0,00F6
05,07,1,00F7
05,08,0,00F8
05,08,1,00F9
05,09,0,00FA
05,09,1,00FB
05,0A,0,00FC
05,0A,1,00FD
05,0B,0,00FE
05,0B,1,00FF
05,0C,0,0100
05,0C,1,0101
05,0D,0,0102
05,0D,1,0103
05,0E,0,0104
05,0E,1,0105
05,0F,0,0106
05,0F,1,0107
05,10,0,0108
05,10,1,0109
05,11,0,010A
05,11,1,010B
05,12,0,010C
05,12,1,010D
05,13,0,010E
05,13,1,010F
05,14,0,0110
05,14,1,0111
05,15,0,0112
05,15,1,0113
05,16,0,0114
05,16,1,0115
05,17,0,0116
05,17,1,0117
05,18,0,0118
05,18,1,0119
05,19,0,011A
05,19,1,011B
05,1A,0,011C
05,1A,1,011D
05,1B,0,011E
05,1B,1,011F
05,1C,0,0120
05,1C,1,0121
06,00,0,0122
06,00,1,0123
06,01,0,0124
06,01,1,0125
06,02,0,0126
06,02,1,0127
06,03,0,0128
06,03,1,0129
06,04,0,012A
06,04,1,012B
06,05,0,012C
06,05,1,012D
06,06,0,012E
06,06,1,012F
06,07,0,0130
06,07,1,0131
06,08,0,0132
06,08,1,0133
06,09,0,0134
06,09,1,0135
06,0A,0,0136
06,0A,1,0137
06,0B,0,0138
06,0B,1,0139
06,0C,0,013A
06,0C,1,013B
06,0D,0,013C
06,0D,1,013D
06,0E,0,013E
06,0E,1,013F
06,0F,0,0140
06,0F,1,0141
06,10,0,0142
06,10,1,0143
06,11,0,0144
06,11,1,0145
06,12,0,0146
06,12,1,0147
06,13,0,0148
06,13,1,0149
06,14,0,014A
06,14,1,014B
06,15,0,014C
06,15,1,014D
06,16,0,014E
06,16,1,014F
06,17,0,0150
06,17,1,0151
06,18,0,0152
06,18,1,0153
06,19,0,0154
06,19,1,0155
06,1A,0,0156
06,1A,1,0157
06,1B,0,0158
06,1B,1,0159
06,1C,0,015A
06,1C,1,015B
07,00,0,015C
07,00,1,015D
07,01,0,015E
07,01,1,015F
07,02,0,0160
07,02,1,0161
07,03,0,0162
07,03,1,0163
07,04,0,0164
07,04,1,0165
07,05,0,0166
07,05,1,0167
07,06,0,0168
07,06,1,0169
07,07,0,016A
07,07,1,016B
07,08,0,016C
07,08,1,016D
07,09,0,016E
07,09,1,016F
07,0A,0,0170
07,0A,1,0171
07,0B,0,0172
07,0B,1,0173
07,0C,0,0174
07,0C,1,0175
07,0D,0,0176
07,0D,1,0177
07,0E,0,0178
07,0E,1,0179
07,0F,0,017A
07,0F,1,017B
07,10,0,017C
07,10,1,017D
07,11,0,017E
07,11,1,017F
07,12,0,0180
07,12,1,0181
07,13,0,0182
07,13,1,0183
07,14,0,0184
07,14,1,0185
07,15,0,0186
07,15,1,0187
07,16,0,0188
07,16,1,0189
07,17,0,018A
07,17,1,018B
07,18,0,018C
07,18,1,018D
07,19,0,018E
07,19,1,018F
07,1A,0,0190
07,1A,1,0191
07,1B,0,0192
07,1B,1,0193
07,1C,0,0194
07,1C,1,0195
08,00,0,0196
08,00,1,0197
08,01,0,0198
08,01,1,0199
08,02,0,019A
08,02,1,019B
08,03,0,019C
08,03,1,019D
08,04,0,019E
08,04,1,019F
08,05,0,01A0
08,05,1,01A1
08,06,0,01A2
08,06,1,01A3
08,07,0,01A4
08,07,1,01A5
08,08,0,01A6
08,08,1,01A7
08,09,0,01A8
08,09,1,01A9
08,0A,0,01AA
08,0A,1,01AB
08,0B,0,01AC
08,0B,1,01AD
08,0C,0,01AE
08,0C,1,01AF
08,0D,0,01B0
08,0D,1,01B1
08,0E,0,01B2
08,0E,1,01B3
08,0F,0,01B4
08,0F,1,01B5
08,10,0,01B6
08,10,1,01B7
08,11,0,01B8
08,11,1,01B9
08,12,0,01BA
08,12,1,01BB
08,13,0,01BC
08,13,1,01BD
08,14,0,01BE
08,14,1,01BF
08,15,0,01C0
08,15,1,01C1
08,16,0,01C2
08,16,1,01C3
08,17,0,01C4
08,17,1,01C5
08,18,0,01C6
08,18,1,01C7
08,19,0,01C8
08,19,1,01C9
08,1A,0,01CA
08,1A,1,01CB
08,1B,0,01CC
08,1B,1,01CD
08,1C,0,01CE
08,1C,1,01CF
09,00,0,01D0
09,00,1,01D1
09,01,0,01D2
09,01,1,01D3
09,02,0,01D4
09,02,1,01D5
09,03,0,01D6
09,03,1,01D7
09,04,0,01D8
09,04,1,01D9
09,05,0,01DA
09,05,1,01DB
09,06,0,01DC
09,06,1,01DD
09,07,0,01DE
09,07,1,01DF
09,08,0,01E0
09,08,1,01E1
09,09,0,01E2
09,09,1,01E3
09,0A,0,01E4
09,0A,1,01E5
09,0B,0,01E6
09,0B,1,01E7
09,0C,0,01E8
09,0C,1,01E9
09,0D,0,01EA
09,0D,1,01EB
09,0E,0,01EC
09,0E,1,01ED
09,0F,0,01EE
09,0F,1,01EF
09,10,0,01F0
09,10,1,01F1
09,11,0,01F2
09,11,1,01F3
09,12,0,01F4
09,12,1,01F5
09,13,0,01F6
09,13,1,01F7
09,14,0,01F8
09,14,1,01F9
09,15,0,01FA
09,15,1,01FB
09,16,0,01FC
09,16,1,01FD
09,17,0,01FE
09,17,1,01FF
09,18,0,0200
09,18,1,0201
09,19,0,0202
09,19,1,0203
09,1A,0,0204
09,1A,1,0205
09,1B,0,0206
09,1B,1,0207
09,1C,0,0208
09,1C,1,0209
0A,00,0,020A
0A,00,1,020B
0A,01,0,020C
0A,01,1,020D
0A,02,0,020E
0A,02,1,020F
0A,03,0,0210
0A,03,1,0211
0A,04,0,0212
0A,04,1,0213
0A,05,0,0214
0A,05,1,0215
0A,06,0,0216
0A,06,1,0217
0A,07,0,0218
0A,07,1,0219
0A,08,0,021A
0A,08,1,021B
0A,09,0,021C
0A,09,1,021D
0A,0A,0,021E
0A,0A,1,021F
0A,0B,0,0220
0A,0B,1,0221
0A,0C,0,0222
0A,0C,1,0223
0A,0D,0,0224
0A,0D,1,0225
0A,0E,0,0226
0A,0E,1,0227
0A,0F,0,0228
0A,0F,1,0229
0A,10,0,022A
0A,10,1,022B
0A,11,0,022C
0A,11,1,022D
0A,12,0,022E
0A,12,1,022F
0A,13,0,0230
0A,13,1,0231
0A,14,0,0232
0A,14,1,0233
0A,15,0,0234
0A,15,1,0235
0A,16,0,0236
0A,16,1,0237
0A,17,0,0238
0A,17,1,0239
0A,18,0,023A
0A,18,1,023B
0A,19,0,023C
0A,19,1,023D
0A,1A,0,023E
0A,1A,1,023F
0A,1B,0,0240
0A,1B,1,0241
0A,1C,0,0242
0A,1C,1,0243
0B,00,0,0244
0B,00,1,0245
0B,01,0,0246
0B,01,1,0247
0B,02,0,0248
0B,02,1,0249
0B,03,0,024A
0B,03,1,024B
0B,04,0,024C
0B,04,1,024D
0B,05,0,024E
0B,05,1,024F
0B,06,0,0250
0B,06,1,0251
0B,07,0,0252
0B,07,1,0253
0B,08,0,0254
0B,08,1,0255
0B,09,0,0256
0B,09,1,0257
0B,0A,0,0258
0B,0A,1,0259
0B,0B,0,025A
0B,0B,1,025B
0B,0C,0,025C
0B,0C,1,025D
0B,0D,0,025E
0B,0D,1,025F
0B,0E,0,0260
0B,0E,1,0261
0B,0F,0,0262
0B,0F,1,0263
0B,10,0,0264
0B,10,1,0265
0B,11,0,0266
0B,11,1,0267
0B,12,0,0268
0B,12,1,0269
0B,13,0,026A
0B,13,1,026B
0B,14,0,026C
0B,14,1,026D
0B,15,0,026E
0B,15,1,026F
0B,16,0,0270
0B,16,1,0271
0B,17,0,0272
0B,17,1,0273
0B,18,0,0274
0B,18,1,0275
0B,19,0,0276
0B,19,1,0277
0B,1A,0,0278
0B,1A,1,0279
0B,1B,0,027A
0B,1B,1,027B
0B,1C,0,027C
0B,1C,1,027D
0C,00,0,027E
0C,00,1,027F
0C,01,0,0280
0C,01,1,0281
0C,02,0,0282
0C,02,1,0283
0C,03,0,0284
0C,03,1,0285
0C,04,0,0286
0C,04,1,0287
0C,05,0,0288
0C,05,1,0289
0C,06,0,028A
0C,06,1,028B
0C,07,0,028C
0C,07,1,028D
0C,08,0,028E
0C,08,1,028F
0C,09,0,0290
0C,09,1,0291
0C,0A,0,0292
0C,0A,1,0293
0C,0B,0,0294
0C,0B,1,0295
0C,0C,0,0296
0C,0C,1,0297
0C,0D,0,0298
0C,0D,1,0299
0C,0E,0,029A
0C,0E,1,029B
0C,0F,0,029C
0C,0F,1,029D
0C,10,0,029E
0C,10,1,029F
0C,11,0,02A0
0C,11,1,02A1
0C,12,0,02A2
0C,12,1,02A3
0C,13,0,02A4
0C,13,1,02A5
0C,14,0,02A6
0C,14,1,02A7
0C,15,0,02A8
0C,15,1,02A9
0C,16,0,02AA
0C,16,1,02AB
0C,17,0,02AC
0C,17,1,02AD
0C,18,0,02AE
0C,18,1,02AF
0C,19,0,02B0
0C,19,1,02B1
0C,1A,0,02B2
0C,1A,1,02B3
0C,1B,0,02B4
0C,1B,1,02B5
0C,1C,0,02B6
0C,1C,1,02B7
0D,00,0,02B8
0D,00,1,02B9
0D,01,0,02BA
0D,01,1,02BB
0D,02,0,02BC
0D,02,1,02BD
0D,03,0,02BE
0D,03,1,02BF
0D,04,0,02C0
0D,04,1,02C1
0D,05,0,02C2
0D,05,1,02C3
0D,06,0,02C4
0D,06,1,02C5
0D,07,0,02C6
0D,07,1,02C7
0D,08,0,02C8
0D,08,1,02C9
0D,09,0,02CA
0D,09,1,02CB
0D,0A,0,02CC
0D,0A,1,02CD
0D,0B,0,02CE
0D,0B,1,02CF
0D,0C,0,02D0
0D,0C,1,02D1
0D,0D,0,02D2
0D,0D,1,02D3
0D,0E,0,02D4
0D,0E,1,02D5
0D,0F,0,02D6
0D,0F,1,02D7
0D,10,0,02D8
0D,10,1,02D9
0D,11,0,02DA
0D,11,1,02DB
0D,12,0,02DC
0D,12,1,02DD
0D,13,0,02DE
0D,13,1,02DF
0D,14,0,02E0
0D,14,1,02E1
0D,15,0,02E2
0D,15,1,02E3
0D,16,0,02E4
0D,16,1,02E5
0D,17,0,02E6
0D,17,1,02E7
0D,18,0,02E8
0D,18,1,02E9
0D,19,0,02EA
0D,19,1,02EB
0D,1A,0,02EC
0D,1A,1,02ED
0D,1B,0,02EE
0D,1B,1,02EF
0D,1C,0,02F0
0D,1C,1,02F1
0E,00,0,02F2
0E,00,1,02F3
0E,01,0,02F4
0E,01,1,02F5
0E,02,0,02F6
0E,02,1,02F7
0E,03,0,02F8
0E,03,1,02F9
0E,04,0,02FA
0E,04,1,02FB
0E,05,0,02FC
0E,05,1,02FD
0E,06,0,02FE
0E,06,1,02FF
0E,07,0,0300
0E,07,1,0301
0E,08,0,0302
0E,08,1,0303
0E,09,0,0304
0E,09,1,0305
0E,0A,0,0306
0E,0A,1,0307
0E,0B,0,0308
0E,0B,1,0309
0E,0C,0,030A
0E,0C,1,030B
0E,0D,0,030C
0E,0D,1,030D
0E,0E,0,030E
0E,0E,1,030F
0E,0F,0,0310
0E,0F,1,0311
0E,10,0,0312
0E,10,1,0313
0E,11,0,0314
0E,11,1,0315
0E,12,0,0316
0E,12,1,0317
0E,13,0,0318
0E,13,1,0319
0E,14,0,031A
0E,14,1,031B
0E,15,0,031C
0E,15,1,031D
0E,16,0,031E
0E,16,1,031F
0E,17,0,0320
0E,17,1,0321
0E,18,0,0322
0E,18,1,0323
0E,19,0,0324
0E,19,1,0325
0E,1A,0,0326
0E,1A,1,0327
0E,1B,0,0328
0E,1B,1,0329
0E,1C,0,032A
0E,1C,1,032B
0F,00,0,032C
0F,00,1,032D
0F,01,0,032E
0F,01,1,032F
0F,02,0,0330
0F,02,1,0331
0F,03,0,0332
0F,03,1,0333
0F,04,0,0334
0F,04,1,0335
0F,05,0,0336
0F,05,1,0337
0F,06,0,0338
0F,06,1,0339
0F,07,0,033A
0F,07,1,033B
0F,08,0,033C
0F,08,1,033D
0F,09,0,033E
0F,09,1,033F
0F,0A,0,0340
0F,0A,1,0341
0F,0B,0,0342
0F,0B,1,0343
0F,0C,0,0344
0F,0C,1,0345
0F,0D,0,0346
0F,0D,1,0347
0F,0E,0,0348
0F,0E,1,0349
0F,0F,0,034A
0F,0F,1,034B
0F,10,0,034C
0F,10,1,034D
0F,11,0,034E
0F,11,1,034F
0F,12,0,0350
0F,12,1,0351
0F,13,0,0352
0F,13,1,0353
0F,14,0,0354
0F,14,1,0355
0F,15,0,0356
0F,15,1,0357
0F,16,0,0358
0F,16,1,0359
0F,17,0,035A
0F,17,1,035B
0F,18,0,035C
0F,18,1,035D
0F,19,0,035E
0F,19,1,035F
0F,1A,0,0360
0F,1A,1,0361
0F,1B,0,0362
0F,1B,1,0363
0F,1C,0,0364
0F,1C,1,0365
10,00,0,0366
10,00,1,0367
10,01,0,0368
10,01,1,0369
10,02,0,036A
10,02,1,036B
10,03,0,036C
10,03,1,036D
10,04,0,036E
10,04,1,036F
10,05,0,0370
10,05,1,0371
10,06,0,0372
10,06,1,0373
10,07,0,0374
10,07,1,0375
10,08,0,0376
10,08,1,0377
10,09,0,0378
10,09,1,0379
10,0A,0,037A
10,0A,1,037B
10,0B,0,037C
10,0B,1,037D
10,0C,0,037E
10,0C,1,037F
10,0D,0,0380
10,0D,1,0381
10,0E,0,0382
10,0E,1,0383
10,0F,0,0384
10,0F,1,0385
10,10,0,0386
10,10,1,0387
10,11,0,0388
10,11,1,0389
10,12,0,038A
10,12,1,038B
10,13,0,038C
10,13,1,038D
10,14,0,038E
10,14,1,038F
10,15,0,0390
10,15,1,0391
10,16,0,0392
10,16,1,0393
10,17,0,0394
10,17,1,0395
10,18,0,0396
10,18,1,0397
10,19,0,0398
10,19,1,0399
10,1A,0,039A
10,1A,1,039B
10,1B,0,039C
10,1B,1,039D
10,1C,0,039E
10,1C,1,039F
11,00,0,03A0
11,00,1,03A1
11,01,0,03A2
11,01,1,03A3
11,02,0,03A4
11,02,1,03A5
11,03,0,03A6
11,03,1,03A7
11,04,0,03A8
11,04,1,03A9
11,05,0,03AA
11,05,1,03AB
11,06,0,03AC
11,06,1,03AD
11,07,0,03AE
11,07,1,03AF
11,08,0,03B0
11,08,1,03B1
11,09,0,03B2
11,09,1,03B3
11,0A,0,03B4
11,0A,1,03B5
11,0B,0,03B6
11,0B,1,03B7
11,0C,0,03B8
11,0C,1,03B9
11,0D,0,03BA
11,0D,1,03BB
11,0E,0,03BC
11,0E,1,03BD
11,0F,0,03BE
11,0F,1,03BF
11,10,0,03C0
11,10,1,03C1
11,11,0,03C2
11,11,1,03C3
11,12,0,03C4
11,12,1,03C5
11,13,0,03C6
11,13,1,03C7
11,14,0,03C8
11,14,1,03C9
11,15,0,03CA
11,15,1,03CB
11,16,0,03CC
11,16,1,03CD
11,17,0,03CE
11,17,1,03CF
11,18,0,03D0
11,18,1,03D1
11,19,0,03D2
11,19,1,03D3
11,1A,0,03D4
11,1A,1,03D5
11,1B,0,03D6
11,1B,1,03D7
11,1C,0,03D8
11,1C,1,03D9
12,00,0,03DA
12,00,1,03DB
12,01,0,03DC
12,01,1,03DD
12,02,0,03DE
12,02,1,03DF
12,03,0,03E0
12,03,1,03E1
12,04,0,03E2
12,04,1,03E3
12,05,0,03E4
12,05,1,03E5
12,06,0,03E6
12,06,1,03E7
12,07,0,03E8
12,07,1,03E9
12,08,0,03EA
12,08,1,03EB
12,09,0,03EC
12,09,1,03ED
12,0A,0,03EE
12,0A,1,03EF
12,0B,0,03F0
12,0B,1,03F1
12,0C,0,03F2
12,0C,1,03F3
12,0D,0,03F4
12,0D,1,03F5
12,0E,0,03F6
12,0E,1,03F7
12,0F,0,03F8
12,0F,1,03F9
12,10,0,03FA
12,10,1,03FB
12,11,0,03FC
12,11,1,03FD
12,12,0,03FE
12,12,1,03FF
12,13,0,0400
12,13,1,0401
12,14,0,0402
12,14,1,0403
12,15,0,0404
12,15,1,0405
12,16,0,0406
12,16,1,0407
12,17,0,0408
12,17,1,0409
12,18,0,040A
12,18,1,040B
12,19,0,040C
12,19,1,040D
12,1A,0,040E
12,1A,1,040F
12,1B,0,0410
12,1B,1,0411
12,1C,0,0412
12,1C,1,0413
13,00,0,0414
13,00,1,0415
13,01,0,0416
13,01,1,0417
13,02,0,0418
13,02,1,0419
13,03,0,041A
13,03,1,041B
13,04,0,041C
13,04,1,041D
13,05,0,041E
13,05,1,041F
13,06,0,0420
13,06,1,0421
13,07,0,0422
13,07,1,0423
13,08,0,0424
13,08,1,0425
13,09,0,0426
13,09,1,0427
13,0A,0,0428
13,0A,1,0429
13,0B,0,042A
13,0B,1,042B
13,0C,0,042C
13,0C,1,042D
13,0D,0,042E
13,0D,1,042F
13,0E,0,0430
13,0E,1,0431
13,0F,0,0432
13,0F,1,0433
13,10,0,0434
13,10,1,0435
13,11,0,0436
13,11,1,0437
13,12,0,0438
13,12,1,0439
13,13,0,043A
13,13,1,043B
13,14,0,043C
13,14,1,043D
13,15,0,043E
13,15,1,043F
13,16,0,0440
13,16,1,0441
13,17,0,0442
13,17,1,0443
13,18,0,0444
13,18,1,0445
13,19,0,0446
13,19,1,0447
13,1A,0,0448
13,1A,1,0449
13,1B,0,044A
13,1B,1,044B
13,1C,0,044C
13,1C,1,044D
14,00,0,044E
14,00,1,044F
14,01,0,0450
14,01,1,0451
14,02,0,0452
14,02,1,0453
14,03,0,0454
14,03,1,0455
14,04,0,0456
14,04,1,0457
14,05,0,0458
14,05,1,0459
14,06,0,045A
14,06,1,045B
14,07,0,045C
14,07,1,045D
14,08,0,045E
14,08,1,045F
14,09,0,0460
14,09,1,0461
14,0A,0,0462
14,0A,1,0463
14,0B,0,0464
14,0B,1,0465
14,0C,0,0466
14,0C,1,0467
14,0D,0,0468
14,0D,1,0469
14,0E,0,046A
14,0E,1,046B
14,0F,0,046C
14,0F,1,046D
14,10,0,046E
14,10,1,046F
14,11,0,0470
14,11,1,0471
14,12,0,0472
14,12,1,0473
14,13,0,0474
14,13,1,0475
14,14,0,0476
14,14,1,0477
14,15,0,0478
14,15,1,0479
14,16,0,047A
14,16,1,047B
14,17,0,047C
14,17,1,047D
14,18,0,047E
14,18,1,047F
14,19,0,0480
14,19,1,0481
14,1A,0,0482
14,1A,1,0483
14,1B,0,0484
14,1B,1,0485
14,1C,0,0486
14,1C,1,0487
15,00,0,0488
15,00,1,0489
15,01,0,048A
15,01,1,048B
15,02,0,048C
15,02,1,048D
15,03,0,048E
15,03,1,048F
15,04,0,0490
15,04,1,0491
15,05,0,0492
15,05,1,0493
15,06,0,0494
15,06,1,0495
15,07,0,0496
15,07,1,0497
15,08,0,0498
15,08,1,0499
15,09,0,049A
15,09,1,049B
15,0A,0,049C
15,0A,1,049D
15,0B,0,049E
15,0B,1,049F
15,0C,0,04A0
15,0C,1,04A1
15,0D,0,04A2
15,0D,1,04A3
15,0E,0,04A4
15,0E,1,04A5
15,0F,0,04A6
15,0F,1,04A7
15,10,0,04A8
15,10,1,04A9
15,11,0,04AA
15,11,1,04AB
15,12,0,04AC
15,12,1,04AD
15,13,0,04AE
15,13,1,04AF
15,14,0,04B0
15,14,1,04B1
15,15,0,04B2
15,15,1,04B3
15,16,0,04B4
15,16,1,04B5
15,17,0,04B6
15,17,1,04B7
15,18,0,04B8
15,18,1,04B9
15,19,0,04BA
15,19,1,04BB
15,1A,0,04BC
15,1A,1,04BD
15,1B,0,04BE
15,1B,1,04BF
15,1C,0,04C0
15,1C,1,04C1
16,00,0,04C2
16,00,1,04C3
16,01,0,04C4
16,01,1,04C5
16,02,0,04C6
16,02,1,04C7
16,03,0,04C8
16,03,1,04C9
16,04,0,04CA
16,04,1,04CB
16,05,0,04CC
16,05,1,04CD
16,06,0,04CE
16,06,1,04CF
16,07,0,04D0
16,07,1,04D1
16,08,0,04D2
16,08,1,04D3
16,09,0,04D4
16,09,1,04D5
16,0A,0,04D6
16,0A,1,04D7
16,0B,0,04D8
16,0B,1,04D9
16,0C,0,04DA
16,0C,1,04DB
16,0D,0,04DC
16,0D,1,04DD
16,0E,0,04DE
16,0E,1,04DF
16,0F,0,04E0
16,0F,1,04E1
16,10,0,04E2
16,10,1,04E3
16,11,0,04E4
16,11,1,04E5
16,12,0,04E6
16,12,1,04E7
16,13,0,04E8
16,13,1,04E9
16,14,0,04EA
16,14,1,04EB
16,15,0,04EC
16,15,1,04ED
16,16,0,04EE
16,16,1,04EF
16,17,0,04F0
16,17,1,04F1
16,18,0,04F2
16,18,1,04F3
16,19,0,04F4
16,19,1,04F5
16,1A,0,04F6
16,1A,1,04F7
16,1B,0,04F8
16,1B,1,04F9
16,1C,0,04FA
16,1C,1,04FB
17,00,0,04FC
17,00,1,04FD
17,01,0,04FE
17,01,1,04FF
17,02,0,0500
17,02,1,0501
17,03,0,0502
17,03,1,0503
17,04,0,0504
17,04,1,0505
17,05,0,0506
17,05,1,0507
17,06,0,0508
17,06,1,0509
17,07,0,050A
17,07,1,050B
17,08,0,050C
17,08,1,050D
17,09,0,050E
17,09,1,050F
17,0A,0,0510
17,0A,1,0511
17,0B,0,0512
17,0B,1,0513
17,0C,0,0514
17,0C,1,0515
17,0D,0,0516
17,0D,1,0517
17,0E,0,0518
17,0E,1,0519
17,0F,0,051A
17,0F,1,051B
17,10,0,051C
17,10,1,051D
17,11,0,051E
17,11,1,051F
17,12,0,0520
17,12,1,0521
17,13,0,0522
17,13,1,0523
17,14,0,0524
17,14,1,0525
17,15,0,0526
17,15,1,0527
17,16,0,0528
17,16,1,0529
17,17,0,052A
17,17,1,052B
17,18,0,052C
17,18,1,052D
17,19,0,052E
17,19,1,052F
17,1A,0,0530
17,1A,1,0531
17,1B,0,0532
17,1B,1,0533
17,1C,0,0534
17,1C,1,0535
18,00,0,0536
18,00,1,0537
18,01,0,0538
18,01,1,0539
18,02,0,053A
18,02,1,053B
18,03,0,053C
18,03,1,053D
18,04,0,053E
18,04,1,053F
18,05,0,0540
18,05,1,0541
18,06,0,0542
18,06,1,0543
18,07,0,0544
18,07,1,0545
18,08,0,0546
18,08,1,0547
18,09,0,0548
18,09,1,0549
18,0A,0,054A
18,0A,1,054B
18,0B,0,054C
18,0B,1,054D
18,0C,0,054E
18,0C,1,054F
18,0D,0,0550
18,0D,1,0551
18,0E,0,0552
18,0E,1,0553
18,0F,0,0554
18,0F,1,0555
18,10,0,0556
18,10,1,0557
18,11,0,0558
18,11,1,0559
18,12,0,055A
18,12,1,055B
18,13,0,055C
18,13,1,055D
18,14,0,055E
18,14,1,055F
18,15,0,0560
18,15,1,0561
18,16,0,0562
18,16,1,0563
18,17,0,0564
18,17,1,0565
18,18,0,0566
18,18,1,0567
18,19,0,0568
18,19,1,0569
18,1A,0,056A
18,1A,1,056B
18,1B,0,056C
18,1B,1,056D
18,1C,0,056E
18,1C,1,056F
19,00,0,0570
19,00,1,0571
19,01,0,0572
19,01,1,0573
19,02,0,0574
19,02,1,0575
19,03,0,0576
19,03,1,0577
19,04,0,0578
19,04,1,0579
19,05,0,057A
19,05,1,057B
19,06,0,057C
19,06,1,057D
19,07,0,057E
19,07,1,057F
19,08,0,0580
19,08,1,0581
19,09,0,0582
19,09,1,0583
19,0A,0,0584
19,0A,1,0585
19,0B,0,0586
19,0B,1,0587
19,0C,0,0588
19,0C,1,0589
19,0D,0,058A
19,0D,1,058B
19,0E,0,058C
19,0E,1,058D
19,0F,0,058E
19,0F,1,058F
19,10,0,0590
19,10,1,0591
19,11,0,0592
19,11,1,0593
19,12,0,0594
19,12,1,0595
19,13,0,0596
19,13,1,0597
19,14,0,0598
19,14,1,0599
19,15,0,059A
19,15,1,059B
19,16,0,059C
19,16,1,059D
19,17,0,059E
19,17,1,059F
19,18,0,05A0
19,18,1,05A1
19,19,0,05A2
19,19,1,05A3
19,1A,0,05A4
19,1A,1,05A5
19,1B,0,05A6
19,1B,1,05A7
19,1C,0,05A8
19,1C,1,05A9
1A,00,0,05AA
1A,00,1,05AB
1A,01,0,05AC
1A,01,1,05AD
1A,02,0,05AE
1A,02,1,05AF
1A,03,0,05B0
1A,03,1,05B1
1A,04,0,05B2
1A,04,1,05B3
1A,05,0,05B4
1A,05,1,05B5
1A,06,0,05B6
1A,06,1,05B7
1A,07,0,05B8
1A,07,1,05B9
1A,08,0,05BA
1A,08,1,05BB
1A,09,0,05BC
1A,09,1,05BD
1A,0A,0,05BE
1A,0A,1,05BF
1A,0B,0,05C0
1A,0B,1,05C1
1A,0C,0,05C2
1A,0C,1,05C3
1A,0D,0,05C4
1A,0D,1,05C5
1A,0E,0,05C6
1A,0E,1,05C7
1A,0F,0,05C8
1A,0F,1,05C9
1A,10,0,05CA
1A,10,1,05CB
1A,11,0,05CC
1A,11,1,05CD
1A,12,0,05CE
1A,12,1,05CF
1A,13,0,05D0
1A,13,1,05D1
1A,14,0,05D2
1A,14,1,05D3
1A,15,0,05D4
1A,15,1,05D5
1A,16,0,05D6
1A,16,1,05D7
1A,17,0,05D8
1A,17,1,05D9
1A,18,0,05DA
1A,18,1,05DB
1A,19,0,05DC
1A,19,1,05DD
1A,1A,0,05DE
1A,1A,1,05DF
1A,1B,0,05E0
1A,1B,1,05E1
1A,1C,0,05E2
1A,1C,1,05E3
1B,00,0,05E4
1B,00,1,05E5
1B,01,0,05E6
1B,01,1,05E7
1B,02,0,05E8
1B,02,1,05E9
1B,03,0,05EA
1B,03,1,05EB
1B,04,0,05EC
1B,04,1,05ED
1B,05,0,05EE
1B,05,1,05EF
1B,06,0,05F0
1B,06,1,05F1
1B,07,0,05F2
1B,07,1,05F3
1B,08,0,05F4
1B,08,1,05F5
1B,09,0,05F6
1B,09,1,05F7
1B,0A,0,05F8
1B,0A,1,05F9
1B,0B,0,05FA
1B,0B,1,05FB
1B,0C,0,05FC
1B,0C,1,05FD
1B,0D,0,05FE
1B,0D,1,05FF
1B,0E,0,0600
1B,0E,1,0601
1B,0F,0,0602
1B,0F,1,0603
1B,10,0,0604
1B,10,1,0605
1B,11,0,0606
1B,11,1,0607
1B,12,0,0608
1B,12,1,0609
1B,13,0,060A
1B,13,1,060B
1B,14,0,060C
1B,14,1,060D
1B,15,0,060E
1B,15,1,060F
1B,16,0,0610
1B,16,1,0611
1B,17,0,0612
1B,17,1,0613
1B,18,0,0614
1B,18,1,0615
1B,19,0,0616
1B,19,1,0617
1B,1A,0,0618
1B,1A,1,0619
1B,1B,0,061A
1B,1B,1,061B
1B,1C,0,061C
1B,1C,1,061D
1C,00,0,061E
1C,00,1,061F
1C,01,0,0620
1C,01,1,0621
1C,02,0,0622
1C,02,1,0623
1C,03,0,0624
1C,03,1,0625
1C,04,0,0626
1C,04,1,0627
1C,05,0,0628
1C,05,1,0629
1C,06,0,062A
1C,06,1,062B
1C,07,0,062C
1C,07,1,062D
1C,08,0,062E
1C,08,1,062F
1C,09,0,0630
1C,09,1,0631
1C,0A,0,0632
1C,0A,1,0633
1C,0B,0,0634
1C,0B,1,0635
1C,0C,0,0636
1C,0C,1,0637
1C,0D,0,0638
1C,0D,1,0639
1C,0E,0,063A
1C,0E,1,063B
1C,0F,0,063C
1C,0F,1,063D
1C,10,0,063E
1C,10,1,063F
1C,11,0,0640
1C,11,1,0641
1C,12,0,0642
1C,12,1,0643
1C,13,0,0644
1C,13,1,0645
1C,14,0,0646
1C,14,1,0647
1C,15,0,0648
1C,15,1,0649
1C,16,0,064A
1C,16,1,064B
1C,17,0,064C
1C,17,1,064D
1C,18,0,064E
1C,18,1,064F
1C,19,0,0650
1C,19,1,0651
1C,1A,0,0652
1C,1A,1,0653
1C,1B,0,0654
1C,1B,1,0655
1C,1C,0,0656
1C,1C,1,0657
1D,00,0,0658
1D,00,1,0659
1D,01,0,065A
1D,01,1,065B
1D,02,0,065C
1D,02,1,065D
1D,03,0,065E
1D,03,1,065F
1D,04,0,0660
1D,04,1,0661
1D,05,0,0662
1D,05,1,0663
1D,06,0,0664
1D,06,1,0665
1D,07,0,0666
1D,07,1,0667
1D,08,0,0668
1D,08,1,0669
1D,09,0,066A
1D,09,1,066B
1D,0A,0,066C
1D,0A,1,066D
1D,0B,0,066E
1D,0B,1,066F
1D,0C,0,0670
1D,0C,1,0671
1D,0D,0,0672
1D,0D,1,0673
1D,0E,0,0674
1D,0E,1,0675
1D,0F,0,0676
1D,0F,1,0677
1D,10,0,0678
1D,10,1,0679
1D,11,0,067A
1D,11,1,067B
1D,12,0,067C
1D,12,1,067D
1D,13,0,067E
1D,13,1,067F
1D,14,0,0680
1D,14,1,0681
1D,15,0,0682
1D,15,1,0683
1D,16,0,0684
1D,16,1,0685
1D,17,0,0686
1D,17,1,0687
1D,18,0,0688
1D,18,1,0689
1D,19,0,068A
1D,19,1,068B
1D,1A,0,068C
1D,1A,1,068D
1D,1B,0,068E
1D,1B,1,068F
1D,1C,0,0690
1D,1C,1,0691
1E,00,0,0692
1E,00,1,0693
1E,01,0,0694
1E,01,1,0695
1E,02,0,0696
1E,02,1,0697
1E,03,0,0698
1E,03,1,0699
1E,04,0,069A
1E,04,1,069B
1E,05,0,069C
1E,05,1,069D
1E,06,0,069E
1E,06,1,069F
1E,07,0,06A0
1E,07,1,06A1
1E,08,0,06A2
1E,08,1,06A3
1E,09,0,06A4
1E,09,1,06A5
1E,0A,0,06A6
1E,0A,1,06A7
1E,0B,0,06A8
1E,0B,1,06A9
1E,0C,0,06AA
1E,0C,1,06AB
1E,0D,0,06AC
1E,0D,1,06AD
1E,0E,0,06AE
1E,0E,1,06AF
1E,0F,0,06B0
1E,0F,1,06B1
1E,10,0,06B2
1E,10,1,06B3
1E,11,0,06B4
1E,11,1,06B5
1E,12,0,06B6
1E,12,1,06B7
1E,13,0,06B8
1E,13,1,06B9
1E,14,0,06BA
1E,14,1,06BB
1E,15,0,06BC
1E,15,1,06BD
1E,16,0,06BE
1E,16,1,06BF
1E,17,0,06C0
1E,17,1,06C1
1E,18,0,06C2
1E,18,1,06C3
1E,19,0,06C4
1E,19,1,06C5
1E,1A,0,06C6
1E,1A,1,06C7
1E,1B,0,06C8
1E,1B,1,06C9
1E,1C,0,06CA
1E,1C,1,06CB
1F,00,0,06CC
1F,00,1,06CD
1F,01,0,06CE
1F,01,1,06CF
1F,02,0,06D0
1F,02,1,06D1
1F,03,0,06D2
1F,03,1,06D3
1F,04,0,06D4
1F,04,1,06D5
1F,05,0,06D6
1F,05,1,06D7
1F,06,0,06D8
1F,06,1,06D9
1F,07,0,06DA
1F,07,1,06DB
1F,08,0,06DC
1F,08,1,06DD
1F,09,0,06DE
1F,09,1,06DF
1F,0A,0,06E0
1F,0A,1,06E1
1F,0B,0,06E2
1F,0B,1,06E3
1F,0C,0,06E4
1F,0C,1,06E5
1F,0D,0,06E6
1F,0D,1,06E7
1F,0E,0,06E8
1F,0E,1,06E9
1F,0F,0,06EA
1F,0F,1,06EB
1F,10,0,06EC
1F,10,1,06ED
1F,11,0,06EE
1F,11,1,06EF
1F,12,0,06F0
1F,12,1,06F1
1F,13,0,06F2
1F,13,1,06F3
1F,14,0,06F4
1F,14,1,06F5
1F,15,0,06F6
1F,15,1,06F7
1F,16,0,06F8
1F,16,1,06F9
1F,17,0,06FA
1F,17,1,06FB
1F,18,0,06FC
1F,18,1,06FD
1F,19,0,06FE
1F,19,1,06FF
1F,1A,0,0700
1F,1A,1,0701
1F,1B,0,0702
1F,1B,1,0703
1F,1C,0,0704
1F,1C,1,0705
20,00,0,0706
20,00,1,0707
20,01,0,0708
20,01,1,0709
20,02,0,070A
20,02,1,070B
20,03,0,070C
20,03,1,070D
20,04,0,070E
20,04,1,070F
20,05,0,0710
20,05,1,0711
20,06,0,0712
20,06,1,0713
20,07,0,0714
20,07,1,0715
20,08,0,0716
20,08,1,0717
20,09,0,0718
20,09,1,0719
20,0A,0,071A
20,0A,1,071B
20,0B,0,071C
20,0B,1,071D
20,0C,0,071E
20,0C,1,071F
20,0D,0,0720
20,0D,1,0721
20,0E,0,0722
20,0E,1,0723
20,0F,0,0724
20,0F,1,0725
20,10,0,0726
20,10,1,0727
20,11,0,0728
20,11,1,0729
20,12,0,072A
20,12,1,072B
20,13,0,072C
20,13,1,072D
20,14,0,072E
20,14,1,072F
20,15,0,0730
20,15,1,0731
20,16,0,0732
20,16,1,0733
20,17,0,0734
20,17,1,0735
20,18,0,0736
20,18,1,0737
20,19,0,0738
20,19,1,0739
20,1A,0,073A
20,1A,1,073B
20,1B,0,073C
20,1B,1,073D
20,1C,0,073E
20,1C,1,073F
21,00,0,0740
21,00,1,0741
21,01,0,0742
21,01,1,0743
21,02,0,0744
21,02,1,0745
21,03,0,0746
21,03,1,0747
21,04,0,0748
21,04,1,0749
21,05,0,074A
21,05,1,074B
21,06,0,074C
21,06,1,074D
21,07,0,074E
21,07,1,074F
21,08,0,0750
21,08,1,0751
21,09,0,0752
21,09,1,0753
21,0A,0,0754
21,0A,1,0755
21,0B,0,0756
21,0B,1,0757
21,0C,0,0758
21,0C,1,0759
21,0D,0,075A
21,0D,1,075B
21,0E,0,075C
21,0E,1,075D
21,0F,0,075E
21,0F,1,075F
21,10,0,0760
21,10,1,0761
21,11,0,0762
21,11,1,0763
21,12,0,0764
21,12,1,0765
21,13,0,0766
21,13,1,0767
21,14,0,0768
21,14,1,0769
21,15,0,076A
21,15,1,076B
21,16,0,076C
21,16,1,076D
21,17,0,076E
21,17,1,076F
21,18,0,0770
21,18,1,0771
21,19,0,0772
21,19,1,0773
21,1A,0,0774
21,1A,1,0775
21,1B,0,0776
21,1B,1,0777
21,1C,0,0778
21,1C,1,0779
22,00,0,077A
22,00,1,077B
22,01,0,077C
22,01,1,077D
22,02,0,077E
22,02,1,077F
22,03,0,0780
22,03,1,0781
22,04,0,0782
22,04,1,0783
22,05,0,0784
22,05,1,0785
22,06,0,0786
22,06,1,0787
22,07,0,0788
22,07,1,0789
22,08,0,078A
22,08,1,078B
22,09,0,078C
22,09,1,078D
22,0A,0,078E
22,0A,1,078F
22,0B,0,0790
22,0B,1,0791
22,0C,0,0792
22,0C,1,0793
22,0D,0,0794
22,0D,1,0795
22,0E,0,0796
22,0E,1,0797
22,0F,0,0798
22,0F,1,0799
22,10,0,079A
22,10,1,079B
22,11,0,079C
22,11,1,079D
22,12,0,079E
22,12,1,079F
22,13,0,07A0
22,13,1,07A1
22,14,0,07A2
22,14,1,07A3
22,15,0,07A4
22,15,1,07A5
22,16,0,07A6
22,16,1,07A7
22,17,0,07A8
22,17,1,07A9
22,18,0,07AA
22,18,1,07AB
22,19,0,07AC
22,19,1,07AD
22,1A,0,07AE
22,1A,1,07AF
22,1B,0,07B0
22,1B,1,07B1
22,1C,0,07B2
22,1C,1,07B3
23,00,0,07B4
23,00,1,07B5
23,01,0,07B6
23,01,1,07B7
23,02,0,07B8
23,02,1,07B9
23,03,0,07BA
23,03,1,07BB
23,04,0,07BC
23,04,1,07BD
23,05,0,07BE
23,05,1,07BF
23,06,0,07C0
23,06,1,07C1
23,07,0,07C2
23,07,1,07C3
23,08,0,07C4
23,08,1,07C5
23,09,0,07C6
23,09,1,07C7
23,0A,0,07C8
23,0A,1,07C9
23,0B,0,07CA
23,0B,1,07CB
23,0C,0,07CC
23,0C,1,07CD
23,0D,0,07CE
23,0D,1,07CF
23,0E,0,07D0
23,0E,1,07D1
23,0F,0,07D2
23,0F,1,07D3
23,10,0,07D4
23,10,1,07D5
23,11,0,07D6
23,11,1,07D7
23,12,0,07D8
23,12,1,07D9
23,13,0,07DA
23,13,1,07DB
23,14,0,07DC
23,14,1,07DD
23,15,0,07DE
23,15,1,07DF
23,16,0,07E0
23,16,1,07E1
23,17,0,07E2
23,17,1,07E3
23,18,0,07E4
23,18,1,07E5
23,19,0,07E6
23,19,1,07E7
23,1A,0,07E8
23,1A,1,07E9
23,1B,0,07EA
23,1B,1,07EB
23,1C,0,07EC
23,1C,1,07ED
24,00,0,07EE
24,00,1,07EF
24,01,0,07F0
24,01,1,07F1
24,02,0,07F2
24,02,1,07F3
24,03,0,07F4
24,03,1,07F5
24,04,0,07F6
24,04,1,07F7
24,05,0,07F8
24,05,1,07F9
24,06,0,07FA
24,06,1,07FB
24,07,0,07FC
24,07,1,07FD
24,08,0,07FE
24,08,1,07FF
24,09,0,0800
24,09,1,0801
24,0A,0,0802
24,0A,1,0803
24,0B,0,0804
24,0B,1,0805
24,0C,0,0806
24,0C,1,0807
24,0D,0,0808
24,0D,1,0809
24,0E,0,080A
24,0E,1,080B
24,0F,0,080C
24,0F,1,080D
24,10,0,080E
24,10,1,080F
24,11,0,0810
24,11,1,0811
24,12,0,0812
24,12,1,0813
24,13,0,0814
24,13,1,0815
24,14,0,0816
24,14,1,0817
24,15,0,0818
24,15,1,0819
24,16,0,081A
24,16,1,081B
24,17,0,081C
24,17,1,081D
24,18,0,081E
24,18,1,081F
24,19,0,0820
24,19,1,0821
24,1A,0,0822
24,1A,1,0823
24,1B,0,0824
24,1B,1,0825
24,1C,0,0826
24,1C,1,0827
25,00,0,0828
25,00,1,0829
25,01,0,082A
25,01,1,082B
25,02,0,082C
25,02,1,082D
25,03,0,082E
25,03,1,082F
25,04,0,0830
25,04,1,0831
25,05,0,0832
25,05,1,0833
25,06,0,0834
25,06,1,0835
25,07,0,0836
25,07,1,0837
25,08,0,0838
25,08,1,0839
25,09,0,083A
25,09,1,083B
25,0A,0,083C
25,0A,1,083D
25,0B,0,083E
25,0B,1,083F
25,0C,0,0840
25,0C,1,0841
25,0D,0,0842
25,0D,1,0843
25,0E,0,0844
25,0E,1,0845
25,0F,0,0846
25,0F,1,0847
25,10,0,0848
25,10,1,0849
25,11,0,084A
25,11,1,084B
25,12,0,084C
25,12,1,084D
25,13,0,084E
25,13,1,084F
25,14,0,0850
25,14,1,0851
25,15,0,0852
25,15,1,0853
25,16,0,0854
25,16,1,0855
25,17,0,0856
25,17,1,0857
25,18,0,0858
25,18,1,0859
25,19,0,085A
25,19,1,085B
25,1A,0,085C
25,1A,1,085D
25,1B,0,085E
25,1B,1,085F
25,1C,0,0860
25,1C,1,0861
26,00,0,0862
26,00,1,0863
26,01,0,0864
26,01,1,0865
26,02,0,0866
26,02,1,0867
26,03,0,0868
26,03,1,0869
26,04,0,086A
26,04,1,086B
26,05,0,086C
26,05,1,086D
26,06,0,086E
26,06,1,086F
26,07,0,0870
26,07,1,0871
26,08,0,0872
26,08,1,0873
26,09,0,0874
26,09,1,0875
26,0A,0,0876
26,0A,1,0877
26,0B,0,0878
26,0B,1,0879
26,0C,0,087A
26,0C,1,087B
26,0D,0,087C
26,0D,1,087D
26,0E,0,087E
26,0E,1,087F
26,0F,0,0880
26,0F,1,0881
26,10,0,0882
26,10,1,0883
26,11,0,0884
26,11,1,0885
26,12,0,0886
26,12,1,0887
26,13,0,0888
26,13,1,0889
26,14,0,088A
26,14,1,088B
26,15,0,088C
26,15,1,088D
26,16,0,088E
26,16,1,088F
26,17,0,0890
26,17,1,0891
26,18,0,0892
26,18,1,0893
26,19,0,0894
26,19,1,0895
26,1A,0,0896
26,1A,1,0897
26,1B,0,0898
26,1B,1,0899
26,1C,0,089A
26,1C,1,089B
27,00,0,089C
27,00,1,089D
27,01,0,089E
27,01,1,089F
27,02,0,08A0
27,02,1,08A1
27,03,0,08A2
27,03,1,08A3
27,04,0,08A4
27,04,1,08A5
27,05,0,08A6
27,05,1,08A7
27,06,0,08A8
27,06,1,08A9
27,07,0,08AA
27,07,1,08AB
27,08,0,08AC
27,08,1,08AD
27,09,0,08AE
27,09,1,08AF
27,0A,0,08B0
27,0A,1,08B1
27,0B,0,08B2
27,0B,1,08B3
27,0C,0,08B4
27,0C,1,08B5
27,0D,0,08B6
27,0D,1,08B7
27,0E,0,08B8
27,0E,1,08B9
27,0F,0,08BA
27,0F,1,08BB
27,10,0,08BC
27,10,1,08BD
27,11,0,08BE
27,11,1,08BF
27,12,0,08C0
27,12,1,08C1
27,13,0,08C2
27,13,1,08C3
27,14,0,08C4
27,14,1,08C5
27,15,0,08C6
27,15,1,08C7
27,16,0,08C8
27,16,1,08C9
27,17,0,08CA
27,17,1,08CB
27,18,0,08CC
27,18,1,08CD
27,19,0,08CE
27,19,1,08CF
27,1A,0,08D0
27,1A,1,08D1
27,1B,0,08D2
27,1B,1,08D3
27,1C,0,08D4
27,1C,1,08D5
28,00,0,08D6
28,00,1,08D7
28,01,0,08D8
28,01,1,08D9
28,02,0,08DA
28,02,1,08DB
28,03,0,08DC
28,03,1,08DD
28,04,0,08DE
28,04,1,08DF
28,05,0,08E0
28,05,1,08E1
28,06,0,08E2
28,06,1,08E3
28,07,0,08E4
28,07,1,08E5
28,08,0,08E6
28,08,1,08E7
28,09,0,08E8
28,09,1,08E9
28,0A,0,08EA
28,0A,1,08EB
28,0B,0,08EC
28,0B,1,08ED
28,0C,0,08EE
28,0C,1,08EF
28,0D,0,08F0
28,0D,1,08F1
28,0E,0,08F2
28,0E,1,08F3
28,0F,0,08F4
28,0F,1,08F5
28,10,0,08F6
28,10,1,08F7
28,11,0,08F8
28,11,1,08F9
28,12,0,08FA
28,12,1,08FB
28,13,0,08FC
28,13,1,08FD
28,14,0,08FE
28,14,1,08FF
28,15,0,0900
28,15,1,0901
28,16,0,0902
28,16,1,0903
28,17,0,0904
28,17,1,0905
28,18,0,0906
28,18,1,0907
28,19,0,0908
28,19,1,0909
28,1A,0,090A
28,1A,1,090B
29,00,0,090C
29,00,1,090D
29,01,0,090E
29,01,1,090F
29,02,0,0910
29,02,1,0911
29,03,0,0912
29,03,1,0913
29,04,0,0914
29,04,1,0915
29,05,0,0916
29,05,1,0917
29,06,0,0918
29,06,1,0919
29,07,0,091A
29,07,1,091B
29,08,0,091C
29,08,1,091D
29,09,0,091E
29,09,1,091F
29,0A,0,0920
29,0A,1,0921
29,0B,0,0922
29,0B,1,0923
29,0C,0,0924
29,0C,1,0925
29,0D,0,0926
29,0D,1,0927
29,0E,0,0928
29,0E,1,0929
29,0F,0,092A
29,0F,1,092B
29,10,0,092C
29,10,1,092D
29,11,0,092E
29,11,1,092F
29,12,0,0930
29,12,1,0931
29,13,0,0932
29,13,1,0933
29,14,0,0934
29,14,1,0935
29,15,0,0936
29,15,1,0937
29,16,0,0938
29,16,1,0939
29,17,0,093A
29,17,1,093B
29,18,0,093C
29,18,1,093D
29,19,0,093E
29,19,1,093F
29,1A,0,0940
29,1A,1,0941
2A,00,0,0942
2A,00,1,0943
2A,01,0,0944
2A,01,1,0945
2A,02,0,0946
2A,02,1,0947
2A,03,0,0948
2A,03,1,0949
2A,04,0,094A
2A,04,1,094B
2A,05,0,094C
2A,05,1,094D
2A,06,0,094E
2A,06,1,094F
2A,07,0,0950
2A,07,1,0951
2A,08,0,0952
2A,08,1,0953
2A,09,0,0954
2A,09,1,0955
2A,0A,0,0956
2A,0A,1,0957
2A,0B,0,0958
2A,0B,1,0959
2A,0C,0,095A
2A,0C,1,095B
2A,0D,0,095C
2A,0D,1,095D
2A,0E,0,095E
2A,0E,1,095F
2A,0F,0,0960
2A,0F,1,0961
2A,10,0,0962
2A,10,1,0963
2A,11,0,0964
2A,11,1,0965
2A,12,0,0966
2A,12,1,0967
2A,13,0,0968
2A,13,1,0969
2A,14,0,096A
2A,14,1,096B
2A,15,0,096C
2A,15,1,096D
2A,16,0,096E
2A,16,1,096F
2A,17,0,0970
2A,17,1,0971
2A,18,0,0972
2A,18,1,0973
2A,19,0,0974
2A,19,1,0975
2A,1A,0,0976
2A,1A,1,0977
2B,00,0,0978
2B,00,1,0979
2B,01,0,097A
2B,01,1,097B
2B,02,0,097C
2B,02,1,097D
2B,03,0,097E
2B,03,1,097F
2B,04,0,0980
2B,04,1,0981
2B,05,0,0982
2B,05,1,0983
2B,06,0,0984
2B,06,1,0985
2B,07,0,0986
2B,07,1,0987
2B,08,0,0988
2B,08,1,0989
2B,09,0,098A
2B,09,1,098B
2B,0A,0,098C
2B,0A,1,098D
2B,0B,0,098E
2B,0B,1,098F
2B,0C,0,0990
2B,0C,1,0991
2B,0D,0,0992
2B,0D,1,0993
2B,0E,0,0994
2B,0E,1,0995
2B,0F,0,0996
2B,0F,1,0997
2B,10,0,0998
2B,10,1,0999
2B,11,0,099A
2B,11,1,099B
2B,12,0,099C
2B,12,1,099D
2B,13,0,099E
2B,13,1,099F
2B,14,0,09A0
2B,14,1,09A1
2B,15,0,09A2
2B,15,1,09A3
2B,16,0,09A4
2B,16,1,09A5
2B,17,0,09A6
2B,17,1,09A7
2B,18,0,09A8
2B,18,1,09A9
2B,19,0,09AA
2B,19,1,09AB
2B,1A,0,09AC
2B,1A,1,09AD
2C,00,0,09AE
2C,00,1,09AF
2C,01,0,09B0
2C,01,1,09B1
2C,02,0,09B2
2C,02,1,09B3
2C,03,0,09B4
2C,03,1,09B5
2C,04,0,09B6
2C,04,1,09B7
2C,05,0,09B8
2C,05,1,09B9
2C,06,0,09BA
2C,06,1,09BB
2C,07,0,09BC
2C,07,1,09BD
2C,08,0,09BE
2C,08,1,09BF
2C,09,0,09C0
2C,09,1,09C1
2C,0A,0,09C2
2C,0A,1,09C3
2C,0B,0,09C4
2C,0B,1,09C5
2C,0C,0,09C6
2C,0C,1,09C7
2C,0D,0,09C8
2C,0D,1,09C9
2C,0E,0,09CA
2C,0E,1,09CB
2C,0F,0,09CC
2C,0F,1,09CD
2C,10,0,09CE
2C,10,1,09CF
2C,11,0,09D0
2C,11,1,09D1
2C,12,0,09D2
2C,12,1,09D3
2C,13,0,09D4
2C,13,1,09D5
2C,14,0,09D6
2C,14,1,09D7
2C,15,0,09D8
2C,15,1,09D9
2C,16,0,09DA
2C,16,1,09DB
2C,17,0,09DC
2C,17,1,09DD
2C,18,0,09DE
2C,18,1,09DF
2C,19,0,09E0
2C,19,1,09E1
2C,1A,0,09E2
2C,1A,1,09E3
2D,00,0,09E4
2D,00,1,09E5
2D,01,0,09E6
2D,01,1,09E7
2D,02,0,09E8
2D,02,1,09E9
2D,03,0,09EA
2D,03,1,09EB
2D,04,0,09EC
2D,04,1,09ED
2D,05,0,09EE
2D,05,1,09EF
2D,06,0,09F0
2D,06,1,09F1
2D,07,0,09F2
2D,07,1,09F3
2D,08,0,09F4
2D,08,1,09F5
2D,09,0,09F6
2D,09,1,09F7
2D,0A,0,09F8
2D,0A,1,09F9
2D,0B,0,09FA
2D,0B,1,09FB
2D,0C,0,09FC
2D,0C,1,09FD
2D,0D,0,09FE
2D,0D,1,09FF
2D,0E,0,0A00
2D,0E,1,0A01
2D,0F,0,0A02
2D,0F,1,0A03
2D,10,0,0A04
2D,10,1,0A05
2D,11,0,0A06
2D,11,1,0A07
2D,12,0,0A08
2D,12,1,0A09
2D,13,0,0A0A
2D,13,1,0A0B
2D,14,0,0A0C
2D,14,1,0A0D
2D,15,0,0A0E
2D,15,1,0A0F
2D,16,0,0A10
2D,16,1,0A11
2D,17,0,0A12
2D,17,1,0A13
2D,18,0,0A14
2D,18,1,0A15
2D,19,0,0A16
2D,19,1,0A17
2D,1A,0,0A18
2D,1A,1,0A19
2E,00,0,0A1A
2E,00,1,0A1B
2E,01,0,0A1C
2E,01,1,0A1D
2E,02,0,0A1E
2E,02,1,0A1F
2E,03,0,0A20
2E,03,1,0A21
2E,04,0,0A22
2E,04,1,0A23
2E,05,0,0A24
2E,05,1,0A25
2E,06,0,0A26
2E,06,1,0A27
2E,07,0,0A28
2E,07,1,0A29
2E,08,0,0A2A
2E,08,1,0A2B
2E,09,0,0A2C
2E,09,1,0A2D
2E,0A,0,0A2E
2E,0A,1,0A2F
2E,0B,0,0A30
2E,0B,1,0A31
2E,0C,0,0A32
2E,0C,1,0A33
2E,0D,0,0A34
2E,0D,1,0A35
2E,0E,0,0A36
2E,0E,1,0A37
2E,0F,0,0A38
2E,0F,1,0A39
2E,10,0,0A3A
2E,10,1,0A3B
2E,11,0,0A3C
2E,11,1,0A3D
2E,12,0,0A3E
2E,12,1,0A3F
2E,13,0,0A40
2E,13,1,0A41
2E,14,0,0A42
2E,14,1,0A43
2E,15,0,0A44
2E,15,1,0A45
2E,16,0,0A46
2E,16,1,0A47
2E,17,0,0A48
2E,17,1,0A49
2E,18,0,0A4A
2E,18,1,0A4B
2E,19,0,0A4C
2E,19,1,0A4D
2E,1A,0,0A4E
2E,1A,1,0A4F
2F,00,0,0A50
2F,00,1,0A51
2F,01,0,0A52
2F,01,1,0A53
2F,02,0,0A54
2F,02,1,0A55
2F,03,0,0A56
2F,03,1,0A57
2F,04,0,0A58
2F,04,1,0A59
2F,05,0,0A5A
2F,05,1,0A5B
2F,06,0,0A5C
2F,06,1,0A5D
2F,07,0,0A5E
2F,07,1,0A5F
2F,08,0,0A60
2F,08,1,0A61
2F,09,0,0A62
2F,09,1,0A63
2F,0A,0,0A64
2F,0A,1,0A65
2F,0B,0,0A66
2F,0B,1,0A67
2F,0C,0,0A68
2F,0C,1,0A69
2F,0D,0,0A6A
2F,0D,1,0A6B
2F,0E,0,0A6C
2F,0E,1,0A6D
2F,0F,0,0A6E
2F,0F,1,0A6F
2F,10,0,0A70
2F,10,1,0A71
2F,11,0,0A72
2F,11,1,0A73
2F,12,0,0A74
2F,12,1,0A75
2F,13,0,0A76
2F,13,1,0A77
2F,14,0,0A78
2F,14,1,0A79
2F,15,0,0A7A
2F,15,1,0A7B
2F,16,0,0A7C
2F,16,1,0A7D
2F,17,0,0A7E
2F,17,1,0A7F
2F,18,0,0A80
2F,18,1,0A81
2F,19,0,0A82
2F,19,1,0A83
2F,1A,0,0A84
2F,1A,1,0A85
30,00,0,0A86
30,00,1,0A87
30,01,0,0A88
30,01,1,0A89
30,02,0,0A8A
30,02,1,0A8B
30,03,0,0A8C
30,03,1,0A8D
30,04,0,0A8E
30,04,1,0A8F
30,05,0,0A90
30,05,1,0A91
30,06,0,0A92
30,06,1,0A93
30,07,0,0A94
30,07,1,0A95
30,08,0,0A96
30,08,1,0A97
30,09,0,0A98
30,09,1,0A99
30,0A,0,0A9A
30,0A,1,0A9B
30,0B,0,0A9C
30,0B,1,0A9D
30,0C,0,0A9E
30,0C,1,0A9F
30,0D,0,0AA0
30,0D,1,0AA1
30,0E,0,0AA2
30,0E,1,0AA3
30,0F,0,0AA4
30,0F,1,0AA5
30,10,0,0AA6
30,10,1,0AA7
30,11,0,0AA8
30,11,1,0AA9
30,12,0,0AAA
30,12,1,0AAB
30,13,0,0AAC
30,13,1,0AAD
30,14,0,0AAE
30,14,1,0AAF
30,15,0,0AB0
30,15,1,0AB1
30,16,0,0AB2
30,16,1,0AB3
30,17,0,0AB4
30,17,1,0AB5
30,18,0,0AB6
30,18,1,0AB7
30,19,0,0AB8
30,19,1,0AB9
30,1A,0,0ABA
30,1A,1,0ABB
31,00,0,0ABC
31,00,1,0ABD
31,01,0,0ABE
31,01,1,0ABF
31,02,0,0AC0
31,02,1,0AC1
31,03,0,0AC2
31,03,1,0AC3
31,04,0,0AC4
31,04,1,0AC5
31,05,0,0AC6
31,05,1,0AC7
31,06,0,0AC8
31,06,1,0AC9
31,07,0,0ACA
31,07,1,0ACB
31,08,0,0ACC
31,08,1,0ACD
31,09,0,0ACE
31,09,1,0ACF
31,0A,0,0AD0
31,0A,1,0AD1
31,0B,0,0AD2
31,0B,1,0AD3
31,0C,0,0AD4
31,0C,1,0AD5
31,0D,0,0AD6
31,0D,1,0AD7
31,0E,0,0AD8
31,0E,1,0AD9
31,0F,0,0ADA
31,0F,1,0ADB
31,10,0,0ADC
31,10,1,0ADD
31,11,0,0ADE
31,11,1,0ADF
31,12,0,0AE0
31,12,1,0AE1
31,13,0,0AE2
31,13,1,0AE3
31,14,0,0AE4
31,14,1,0AE5
31,15,0,0AE6
31,15,1,0AE7
31,16,0,0AE8
31,16,1,0AE9
31,17,0,0AEA
31,17,1,0AEB
31,18,0,0AEC
31,18,1,0AED
31,19,0,0AEE
31,19,1,0AEF
31,1A,0,0AF0
31,1A,1,0AF1
32,00,0,0AF2
32,00,1,0AF3
32,01,0,0AF4
32,01,1,0AF5
32,02,0,0AF6
32,02,1,0AF7
32,03,0,0AF8
32,03,1,0AF9
32,04,0,0AFA
32,04,1,0AFB
32,05,0,0AFC
32,05,1,0AFD
32,06,0,0AFE
32,06,1,0AFF
32,07,0,0B00
32,07,1,0B01
32,08,0,0B02
32,08,1,0B03
32,09,0,0B04
32,09,1,0B05
32,0A,0,0B06
32,0A,1,0B07
32,0B,0,0B08
32,0B,1,0B09
32,0C,0,0B0A
32,0C,1,0B0B
32,0D,0,0B0C
32,0D,1,0B0D
32,0E,0,0B0E
32,0E,1,0B0F
32,0F,0,0B10
32,0F,1,0B11
32,10,0,0B12
32,10,1,0B13
32,11,0,0B14
32,11,1,0B15
32,12,0,0B16
32,12,1,0B17
32,13,0,0B18
32,13,1,0B19
32,14,0,0B1A
32,14,1,0B1B
32,15,0,0B1C
32,15,1,0B1D
32,16,0,0B1E
32,16,1,0B1F
32,17,0,0B20
32,17,1,0B21
32,18,0,0B22
32,18,1,0B23
32,19,0,0B24
32,19,1,0B25
32,1A,0,0B26
32,1A,1,0B27
33,00,0,0B28
33,00,1,0B29
33,01,0,0B2A
33,01,1,0B2B
33,02,0,0B2C
33,02,1,0B2D
33,03,0,0B2E
33,03,1,0B2F
33,04,0,0B30
33,04,1,0B31
33,05,0,0B32
33,05,1,0B33
33,06,0,0B34
33,06,1,0B35
33,07,0,0B36
33,07,1,0B37
33,08,0,0B38
33,08,1,0B39
33,09,0,0B3A
33,09,1,0B3B
33,0A,0,0B3C
33,0A,1,0B3D
33,0B,0,0B3E
33,0B,1,0B3F
33,0C,0,0B40
33,0C,1,0B41
33,0D,0,0B42
33,0D,1,0B43
33,0E,0,0B44
33,0E,1,0B45
33,0F,0,0B46
33,0F,1,0B47
33,10,0,0B48
33,10,1,0B49
33,11,0,0B4A
33,11,1,0B4B
33,12,0,0B4C
33,12,1,0B4D
33,13,0,0B4E
33,13,1,0B4F
33,14,0,0B50
33,14,1,0B51
33,15,0,0B52
33,15,1,0B53
33,16,0,0B54
33,16,1,0B55
33,17,0,0B56
33,17,1,0B57
33,18,0,0B58
33,18,1,0B59
33,19,0,0B5A
33,19,1,0B5B
33,1A,0,0B5C
33,1A,1,0B5D
34,00,0,0B5E
34,00,1,0B5F
34,01,0,0B60
34,01,1,0B61
34,02,0,0B62
34,02,1,0B63
34,03,0,0B64
34,03,1,0B65
34,04,0,0B66
34,04,1,0B67
34,05,0,0B68
34,05,1,0B69
34,06,0,0B6A
34,06,1,0B6B
34,07,0,0B6C
34,07,1,0B6D
34,08,0,0B6E
34,08,1,0B6F
34,09,0,0B70
34,09,1,0B71
34,0A,0,0B72
34,0A,1,0B73
34,0B,0,0B74
34,0B,1,0B75
34,0C,0,0B76
34,0C,1,0B77
34,0D,0,0B78
34,0D,1,0B79
34,0E,0,0B7A
34,0E,1,0B7B
34,0F,0,0B7C
34,0F,1,0B7D
34,10,0,0B7E
34,10,1,0B7F
34,11,0,0B80
34,11,1,0B81
34,12,0,0B82
34,12,1,0B83
34,13,0,0B84
34,13,1,0B85
34,14,0,0B86
34,14,1,0B87
34,15,0,0B88
34,15,1,0B89
34,16,0,0B8A
34,16,1,0B8B
34,17,0,0B8C
34,17,1,0B8D
34,18,0,0B8E
34,18,1,0B8F
34,19,0,0B90
34,19,1,0B91
34,1A,0,0B92
34,1A,1,0B93
35,00,0,0B94
35,00,1,0B95
35,01,0,0B96
35,01,1,0B97
35,02,0,0B98
35,02,1,0B99
35,03,0,0B9A
35,03,1,0B9B
35,04,0,0B9C
35,04,1,0B9D
35,05,0,0B9E
35,05,1,0B9F
35,06,0,0BA0
35,06,1,0BA1
35,07,0,0BA2
35,07,1,0BA3
35,08,0,0BA4
35,08,1,0BA5
35,09,0,0BA6
35,09,1,0BA7
35,0A,0,0BA8
35,0A,1,0BA9
35,0B,0,0BAA
35,0B,1,0BAB
35,0C,0,0BAC
35,0C,1,0BAD
35,0D,0,0BAE
35,0D,1,0BAF
35,0E,0,0BB0
35,0E,1,0BB1
35,0F,0,0BB2
35,0F,1,0BB3
35,10,0,0BB4
35,10,1,0BB5
35,11,0,0BB6
35,11,1,0BB7
35,12,0,0BB8
35,12,1,0BB9
35,13,0,0BBA
35,13,1,0BBB
35,14,0,0BBC
35,14,1,0BBD
35,15,0,0BBE
35,15,1,0BBF
35,16,0,0BC0
35,16,1,0BC1
35,17,0,0BC2
35,17,1,0BC3
35,18,0,0BC4
35,18,1,0BC5
35,19,0,0BC6
35,19,1,0BC7
35,1A,0,0BC8
35,1A,1,0BC9
36,00,0,0BCA
36,00,1,0BCB
36,01,0,0BCC
36,01,1,0BCD
36,02,0,0BCE
36,02,1,0BCF
36,03,0,0BD0
36,03,1,0BD1
36,04,0,0BD2
36,04,1,0BD3
36,05,0,0BD4
36,05,1,0BD5
36,06,0,0BD6
36,06,1,0BD7
36,07,0,0BD8
36,07,1,0BD9
36,08,0,0BDA
36,08,1,0BDB
36,09,0,0BDC
36,09,1,0BDD
36,0A,0,0BDE
36,0A,1,0BDF
36,0B,0,0BE0
36,0B,1,0BE1
36,0C,0,0BE2
36,0C,1,0BE3
36,0D,0,0BE4
36,0D,1,0BE5
36,0E,0,0BE6
36,0E,1,0BE7
36,0F,0,0BE8
36,0F,1,0BE9
36,10,0,0BEA
36,10,1,0BEB
36,11,0,0BEC
36,11,1,0BED
36,12,0,0BEE
36,12,1,0BEF
36,13,0,0BF0
36,13,1,0BF1
36,14,0,0BF2
36,14,1,0BF3
36,15,0,0BF4
36,15,1,0BF5
36,16,0,0BF6
36,16,1,0BF7
36,17,0,0BF8
36,17,1,0BF9
36,18,0,0BFA
36,18,1,0BFB
37,00,0,0BFC
37,00,1,0BFD
37,01,0,0BFE
37,01,1,0BFF
37,02,0,0C00
37,02,1,0C01
37,03,0,0C02
37,03,1,0C03
37,04,0,0C04
37,04,1,0C05
37,05,0,0C06
37,05,1,0C07
37,06,0,0C08
37,06,1,0C09
37,07,0,0C0A
37,07,1,0C0B
37,08,0,0C0C
37,08,1,0C0D
37,09,0,0C0E
37,09,1,0C0F
37,0A,0,0C10
37,0A,1,0C11
37,0B,0,0C12
37,0B,1,0C13
37,0C,0,0C14
37,0C,1,0C15
37,0D,0,0C16
37,0D,1,0C17
37,0E,0,0C18
37,0E,1,0C19
37,0F,0,0C1A
37,0F,1,0C1B
37,10,0,0C1C
37,10,1,0C1D
37,11,0,0C1E
37,11,1,0C1F
37,12,0,0C20
37,12,1,0C21
37,13,0,0C22
37,13,1,0C23
37,14,0,0C24
37,14,1,0C25
37,15,0,0C26
37,15,1,0C27
37,16,0,0C28
37,16,1,0C29
37,17,0,0C2A
37,17,1,0C2B
37,18,0,0C2C
37,18,1,0C2D
38,00,0,0C2E
38,00,1,0C2F
38,01,0,0C30
38,01,1,0C31
38,02,0,0C32
38,02,1,0C33
38,03,0,0C34
38,03,1,0C35
38,04,0,0C36
38,04,1,0C37
38,05,0,0C38
38,05,1,0C39
38,06,0,0C3A
38,06,1,0C3B
38,07,0,0C3C
38,07,1,0C3D
38,08,0,0C3E
38,08,1,0C3F
38,09,0,0C40
38,09,1,0C41
38,0A,0,0C42
38,0A,1,0C43
38,0B,0,0C44
38,0B,1,0C45
38,0C,0,0C46
38,0C,1,0C47
38,0D,0,0C48
38,0D,1,0C49
38,0E,0,0C4A
38,0E,1,0C4B
38,0F,0,0C4C
38,0F,1,0C4D
38,10,0,0C4E
38,10,1,0C4F
38,11,0,0C50
38,11,1,0C51
38,12,0,0C52
38,12,1,0C53
38,13,0,0C54
38,13,1,0C55
38,14,0,0C56
38,14,1,0C57
38,15,0,0C58
38,15,1,0C59
38,16,0,0C5A
38,16,1,0C5B
38,17,0,0C5C
38,17,1,0C5D
38,18,0,0C5E
38,18,1,0C5F
39,00,0,0C60
39,00,1,0C61
39,01,0,0C62
39,01,1,0C63
39,02,0,0C64
39,02,1,0C65
39,03,0,0C66
39,03,1,0C67
39,04,0,0C68
39,04,1,0C69
39,05,0,0C6A
39,05,1,0C6B
39,06,0,0C6C
39,06,1,0C6D
39,07,0,0C6E
39,07,1,0C6F
39,08,0,0C70
39,08,1,0C71
39,09,0,0C72
39,09,1,0C73
39,0A,0,0C74
39,0A,1,0C75
39,0B,0,0C76
39,0B,1,0C77
39,0C,0,0C78
39,0C,1,0C79
39,0D,0,0C7A
39,0D,1,0C7B
39,0E,0,0C7C
39,0E,1,0C7D
39,0F,0,0C7E
39,0F,1,0C7F
39,10,0,0C80
39,10,1,0C81
39,11,0,0C82
39,11,1,0C83
39,12,0,0C84
39,12,1,0C85
39,13,0,0C86
39,13,1,0C87
39,14,0,0C88
39,14,1,0C89
39,15,0,0C8A
39,15,1,0C8B
39,16,0,0C8C
39,16,1,0C8D
39,17,0,0C8E
39,17,1,0C8F
39,18,0,0C90
39,18,1,0C91
3A,00,0,0C92
3A,00,1,0C93
3A,01,0,0C94
3A,01,1,0C95
3A,02,0,0C96
3A,02,1,0C97
3A,03,0,0C98
3A,03,1,0C99
3A,04,0,0C9A
3A,04,1,0C9B
3A,05,0,0C9C
3A,05,1,0C9D
3A,06,0,0C9E
3A,06,1,0C9F
3A,07,0,0CA0
3A,07,1,0CA1
3A,08,0,0CA2
3A,08,1,0CA3
3A,09,0,0CA4
3A,09,1,0CA5
3A,0A,0,0CA6
3A,0A,1,0CA7
3A,0B,0,0CA8
3A,0B,1,0CA9
3A,0C,0,0CAA
3A,0C,1,0CAB
3A,0D,0,0CAC
3A,0D,1,0CAD
3A,0E,0,0CAE
3A,0E,1,0CAF
3A,0F,0,0CB0
3A,0F,1,0CB1
3A,10,0,0CB2
3A,10,1,0CB3
3A,11,0,0CB4
3A,11,1,0CB5
3A,12,0,0CB6
3A,12,1,0CB7
3A,13,0,0CB8
3A,13,1,0CB9
3A,14,0,0CBA
3A,14,1,0CBB
3A,15,0,0CBC
3A,15,1,0CBD
3A,16,0,0CBE
3A,16,1,0CBF
3A,17,0,0CC0
3A,17,1,0CC1
3A,18,0,0CC2
3A,18,1,0CC3
3B,00,0,0CC4
3B,00,1,0CC5
3B,01,0,0CC6
3B,01,1,0CC7
3B,02,0,0CC8
3B,02,1,0CC9
3B,03,0,0CCA
3B,03,1,0CCB
3B,04,0,0CCC
3B,04,1,0CCD
3B,05,0,0CCE
3B,05,1,0CCF
3B,06,0,0CD0
3B,06,1,0CD1
3B,07,0,0CD2
3B,07,1,0CD3
3B,08,0,0CD4
3B,08,1,0CD5
3B,09,0,0CD6
3B,09,1,0CD7
3B,0A,0,0CD8
3B,0A,1,0CD9
3B,0B,0,0CDA
3B,0B,1,0CDB
3B,0C,0,0CDC
3B,0C,1,0CDD
3B,0D,0,0CDE
3B,0D,1,0CDF
3B,0E,0,0CE0
3B,0E,1,0CE1
3B,0F,0,0CE2
3B,0F,1,0CE3
3B,10,0,0CE4
3B,10,1,0CE5
3B,11,0,0CE6
3B,11,1,0CE7
3B,12,0,0CE8
3B,12,1,0CE9
3B,13,0,0CEA
3B,13,1,0CEB
3B,14,0,0CEC
3B,14,1,0CED
3B,15,0,0CEE
3B,15,1,0CEF
3B,16,0,0CF0
3B,16,1,0CF1
3B,17,0,0CF2
3B,17,1,0CF3
3B,18,0,0CF4
3B,18,1,0CF5
3C,00,0,0CF6
3C,00,1,0CF7
3C,01,0,0CF8
3C,01,1,0CF9
3C,02,0,0CFA
3C,02,1,0CFB
3C,03,0,0CFC
3C,03,1,0CFD
3C,04,0,0CFE
3C,04,1,0CFF
3C,05,0,0D00
3C,05,1,0D01
3C,06,0,0D02
3C,06,1,0D03
3C,07,0,0D04
3C,07,1,0D05
3C,08,0,0D06
3C,08,1,0D07
3C,09,0,0D08
3C,09,1,0D09
3C,0A,0,0D0A
3C,0A,1,0D0B
3C,0B,0,0D0C
3C,0B,1,0D0D
3C,0C,0,0D0E
3C,0C,1,0D0F
3C,0D,0,0D10
3C,0D,1,0D11
3C,0E,0,0D12
3C,0E,1,0D13
3C,0F,0,0D14
3C,0F,1,0D15
3C,10,0,0D16
3C,10,1,0D17
3C,11,0,0D18
3C,11,1,0D19
3C,12,0,0D1A
3C,12,1,0D1B
3C,13,0,0D1C
3C,13,1,0D1D
3C,14,0,0D1E
3C,14,1,0D1F
3C,15,0,0D20
3C,15,1,0D21
3C,16,0,0D22
3C,16,1,0D23
3C,17,0,0D24
3C,17,1,0D25
3C,18,0,0D26
3C,18,1,0D27
3D,00,0,0D28
3D,00,1,0D29
3D,01,0,0D2A
3D,01,1,0D2B
3D,02,0,0D2C
3D,02,1,0D2D
3D,03,0,0D2E
3D,03,1,0D2F
3D,04,0,0D30
3D,04,1,0D31
3D,05,0,0D32
3D,05,1,0D33
3D,06,0,0D34
3D,06,1,0D35
3D,07,0,0D36
3D,07,1,0D37
3D,08,0,0D38
3D,08,1,0D39
3D,09,0,0D3A
3D,09,1,0D3B
3D,0A,0,0D3C
3D,0A,1,0D3D
3D,0B,0,0D3E
3D,0B,1,0D3F
3D,0C,0,0D40
3D,0C,1,0D41
3D,0D,0,0D42
3D,0D,1,0D43
3D,0E,0,0D44
3D,0E,1,0D45
3D,0F,0,0D46
3D,0F,1,0D47
3D,10,0,0D48
3D,10,1,0D49
3D,11,0,0D4A
3D,11,1,0D4B
3D,12,0,0D4C
3D,12,1,0D4D
3D,13,0,0D4E
3D,13,1,0D4F
3D,14,0,0D50
3D,14,1,0D51
3D,15,0,0D52
3D,15,1,0D53
3D,16,0,0D54
3D,16,1,0D55
3D,17,0,0D56
3D,17,1,0D57
3D,18,0,0D58
3D,18,1,0D59
3E,00,0,0D5A
3E,00,1,0D5B
3E,01,0,0D5C
3E,01,1,0D5D
3E,02,0,0D5E
3E,02,1,0D5F
3E,03,0,0D60
3E,03,1,0D61
3E,04,0,0D62
3E,04,1,0D63
3E,05,0,0D64
3E,05,1,0D65
3E,06,0,0D66
3E,06,1,0D67
3E,07,0,0D68
3E,07,1,0D69
3E,08,0,0D6A
3E,08,1,0D6B
3E,09,0,0D6C
3E,09,1,0D6D
3E,0A,0,0D6E
3E,0A,1,0D6F
3E,0B,0,0D70
3E,0B,1,0D71
3E,0C,0,0D72
3E,0C,1,0D73
3E,0D,0,0D74
3E,0D,1,0D75
3E,0E,0,0D76
3E,0E,1,0D77
3E,0F,0,0D78
3E,0F,1,0D79
3E,10,0,0D7A
3E,10,1,0D7B
3E,11,0,0D7C
3E,11,1,0D7D
3E,12,0,0D7E
3E,12,1,0D7F
3E,13,0,0D80
3E,13,1,0D81
3E,14,0,0D82
3E,14,1,0D83
3E,15,0,0D84
3E,15,1,0D85
3E,16,0,0D86
3E,16,1,0D87
3E,17,0,0D88
3E,17,1,0D89
3E,18,0,0D8A
3E,18,1,0D8B
3F,00,0,0D8C
3F,00,1,0D8D
3F,01,0,0D8E
3F,01,1,0D8F
3F,02,0,0D90
3F,02,1,0D91
3F,03,0,0D92
3F,03,1,0D93
3F,04,0,0D94
3F,04,1,0D95
3F,05,0,0D96
3F,05,1,0D97
3F,06,0,0D98
3F,06,1,0D99
3F,07,0,0D9A
3F,07,1,0D9B
3F,08,0,0D9C
3F,08,1,0D9D
3F,09,0,0D9E
3F,09,1,0D9F
3F,0A,0,0DA0
3F,0A,1,0DA1
3F,0B,0,0DA2
3F,0B,1,0DA3
3F,0C,0,0DA4
3F,0C,1,0DA5
3F,0D,0,0DA6
3F,0D,1,0DA7
3F,0E,0,0DA8
3F,0E,1,0DA9
3F,0F,0,0DAA
3F,0F,1,0DAB
3F,10,0,0DAC
3F,10,1,0DAD
3F,11,0,0DAE
3F,11,1,0DAF
3F,12,0,0DB0
3F,12,1,0DB1
3F,13,0,0DB2
3F,13,1,0DB3
3F,14,0,0DB4
3F,14,1,0DB5
3F,15,0,0DB6
3F,15,1,0DB7
3F,16,0,0DB8
3F,16,1,0DB9
3F,17,0,0DBA
3F,17,1,0DBB
3F,18,0,0DBC
3F,18,1,0DBD
40,00,0,0DBE
40,00,1,0DBF
40,01,0,0DC0
40,01,1,0DC1
40,02,0,0DC2
40,02,1,0DC3
40,03,0,0DC4
40,03,1,0DC5
40,04,0,0DC6
40,04,1,0DC7
40,05,0,0DC8
40,05,1,0DC9
40,06,0,0DCA
40,06,1,0DCB
40,07,0,0DCC
40,07,1,0DCD
40,08,0,0DCE
40,08,1,0DCF
40,09,0,0DD0
40,09,1,0DD1
40,0A,0,0DD2
40,0A,1,0DD3
40,0B,0,0DD4
40,0B,1,0DD5
40,0C,0,0DD6
40,0C,1,0DD7
40,0D,0,0DD8
40,0D,1,0DD9
40,0E,0,0DDA
40,0E,1,0DDB
40,0F,0,0DDC
40,0F,1,0DDD
40,10,0,0DDE
40,10,1,0DDF
40,11,0,0DE0
40,11,1,0DE1
40,12,0,0DE2
40,12,1,0DE3
40,13,0,0DE4
40,13,1,0DE5
40,14,0,0DE6
40,14,1,0DE7
40,15,0,0DE8
40,15,1,0DE9
40,16,0,0DEA
40,16,1,0DEB
40,17,0,0DEC
40,17,1,0DED
40,18,0,0DEE
40,18,1,0DEF
41,00,0,0DF0
41,00,1,0DF1
41,01,0,0DF2
41,01,1,0DF3
41,02,0,0DF4
41,02,1,0DF5
41,03,0,0DF6
41,03,1,0DF7
41,04,0,0DF8
41,04,1,0DF9
41,05,0,0DFA
41,05,1,0DFB
41,06,0,0DFC
41,06,1,0DFD
41,07,0,0DFE
41,07,1,0DFF
41,08,0,0E00
41,08,1,0E01
41,09,0,0E02
41,09,1,0E03
41,0A,0,0E04
41,0A,1,0E05
41,0B,0,0E06
41,0B,1,0E07
41,0C,0,0E08
41,0C,1,0E09
41,0D,0,0E0A
41,0D,1,0E0B
41,0E,0,0E0C
41,0E,1,0E0D
41,0F,0,0E0E
41,0F,1,0E0F
41,10,0,0E10
41,10,1,0E11
41,11,0,0E12
41,11,1,0E13
41,12,0,0E14
41,12,1,0E15
41,13,0,0E16
41,13,1,0E17
41,14,0,0E18
41,14,1,0E19
41,15,0,0E1A
41,15,1,0E1B
41,16,0,0E1C
41,16,1,0E1D
42,00,0,0E1E
42,00,1,0E1F
42,01,0,0E20
42,01,1,0E21
42,02,0,0E22
42,02,1,0E23
42,03,0,0E24
42,03,1,0E25
42,04,0,0E26
42,04,1,0E27
42,05,0,0E28
42,05,1,0E29
42,06,0,0E2A
42,06,1,0E2B
42,07,0,0E2C
42,07,1,0E2D
42,08,0,0E2E
42,08,1,0E2F
42,09,0,0E30
42,09,1,0E31
42,0A,0,0E32
42,0A,1,0E33
42,0B,0,0E34
42,0B,1,0E35
42,0C,0,0E36
42,0C,1,0E37
42,0D,0,0E38
42,0D,1,0E39
42,0E,0,0E3A
42,0E,1,0E3B
42,0F,0,0E3C
42,0F,1,0E3D
42,10,0,0E3E
42,10,1,0E3F
42,11,0,0E40
42,11,1,0E41
42,12,0,0E42
42,12,1,0E43
42,13,0,0E44
42,13,1,0E45
42,14,0,0E46
42,14,1,0E47
42,15,0,0E48
42,15,1,0E49
42,16,0,0E4A
42,16,1,0E4B
43,00,0,0E4C
43,00,1,0E4D
43,01,0,0E4E
43,01,1,0E4F
43,02,0,0E50
43,02,1,0E51
43,03,0,0E52
43,03,1,0E53
43,04,0,0E54
43,04,1,0E55
43,05,0,0E56
43,05,1,0E57
43,06,0,0E58
43,06,1,0E59
43,07,0,0E5A
43,07,1,0E5B
43,08,0,0E5C
43,08,1,0E5D
43,09,0,0E5E
43,09,1,0E5F
43,0A,0,0E60
43,0A,1,0E61
43,0B,0,0E62
43,0B,1,0E63
43,0C,0,0E64
43,0C,1,0E65
43,0D,0,0E66
43,0D,1,0E67
43,0E,0,0E68
43,0E,1,0E69
43,0F,0,0E6A
43,0F,1,0E6B
43,10,0,0E6C
43,10,1,0E6D
43,11,0,0E6E
43,11,1,0E6F
43,12,0,0E70
43,12,1,0E71
43,13,0,0E72
43,13,1,0E73
43,14,0,0E74
43,14,1,0E75
43,15,0,0E76
43,15,1,0E77
43,16,0,0E78
43,16,1,0E79
44,00,0,0E7A
44,00,1,0E7B
44,01,0,0E7C
44,01,1,0E7D
44,02,0,0E7E
44,02,1,0E7F
44,03,0,0E80
44,03,1,0E81
44,04,0,0E82
44,04,1,0E83
44,05,0,0E84
44,05,1,0E85
44,06,0,0E86
44,06,1,0E87
44,07,0,0E88
44,07,1,0E89
44,08,0,0E8A
44,08,1,0E8B
44,09,0,0E8C
44,09,1,0E8D
44,0A,0,0E8E
44,0A,1,0E8F
44,0B,0,0E90
44,0B,1,0E91
44,0C,0,0E92
44,0C,1,0E93
44,0D,0,0E94
44,0D,1,0E95
44,0E,0,0E96
44,0E,1,0E97
44,0F,0,0E98
44,0F,1,0E99
44,10,0,0E9A
44,10,1,0E9B
44,11,0,0E9C
44,11,1,0E9D
44,12,0,0E9E
44,12,1,0E9F
44,13,0,0EA0
44,13,1,0EA1
44,14,0,0EA2
44,14,1,0EA3
44,15,0,0EA4
44,15,1,0EA5
44,16,0,0EA6
44,16,1,0EA7
45,00,0,0EA8
45,00,1,0EA9
45,01,0,0EAA
45,01,1,0EAB
45,02,0,0EAC
45,02,1,0EAD
45,03,0,0EAE
45,03,1,0EAF
45,04,0,0EB0
45,04,1,0EB1
45,05,0,0EB2
45,05,1,0EB3
45,06,0,0EB4
45,06,1,0EB5
45,07,0,0EB6
45,07,1,0EB7
45,08,0,0EB8
45,08,1,0EB9
45,09,0,0EBA
45,09,1,0EBB
45,0A,0,0EBC
45,0A,1,0EBD
45,0B,0,0EBE
45,0B,1,0EBF
45,0C,0,0EC0
45,0C,1,0EC1
45,0D,0,0EC2
45,0D,1,0EC3
45,0E,0,0EC4
45,0E,1,0EC5
45,0F,0,0EC6
45,0F,1,0EC7
45,10,0,0EC8
45,10,1,0EC9
45,11,0,0ECA
45,11,1,0ECB
45,12,0,0ECC
45,12,1,0ECD
45,13,0,0ECE
45,13,1,0ECF
45,14,0,0ED0
45,14,1,0ED1
45,15,0,0ED2
45,15,1,0ED3
45,16,0,0ED4
45,16,1,0ED5
46,00,0,0ED6
46,00,1,0ED7
46,01,0,0ED8
46,01,1,0ED9
46,02,0,0EDA
46,02,1,0EDB
46,03,0,0EDC
46,03,1,0EDD
46,04,0,0EDE
46,04,1,0EDF
46,05,0,0EE0
46,05,1,0EE1
46,06,0,0EE2
46,06,1,0EE3
46,07,0,0EE4
46,07,1,0EE5
46,08,0,0EE6
46,08,1,0EE7
46,09,0,0EE8
46,09,1,0EE9
46,0A,0,0EEA
46,0A,1,0EEB
46,0B,0,0EEC
46,0B,1,0EED
46,0C,0,0EEE
46,0C,1,0EEF
46,0D,0,0EF0
46,0D,1,0EF1
46,0E,0,0EF2
46,0E,1,0EF3
46,0F,0,0EF4
46,0F,1,0EF5
46,10,0,0EF6
46,10,1,0EF7
46,11,0,0EF8
46,11,1,0EF9
46,12,0,0EFA
46,12,1,0EFB
46,13,0,0EFC
46,13,1,0EFD
46,14,0,0EFE
46,14,1,0EFF
46,15,0,0F00
46,15,1,0F01
46,16,0,0F02
46,16,1,0F03
47,00,0,0F04
47,00,1,0F05
47,01,0,0F06
47,01,1,0F07
47,02,0,0F08
47,02,1,0F09
47,03,0,0F0A
47,03,1,0F0B
47,04,0,0F0C
47,04,1,0F0D
47,05,0,0F0E
47,05,1,0F0F
47,06,0,0F10
47,06,1,0F11
47,07,0,0F12
47,07,1,0F13
47,08,0,0F14
47,08,1,0F15
47,09,0,0F16
47,09,1,0F17
47,0A,0,0F18
47,0A,1,0F19
47,0B,0,0F1A
47,0B,1,0F1B
47,0C,0,0F1C
47,0C,1,0F1D
47,0D,0,0F1E
47,0D,1,0F1F
47,0E,0,0F20
47,0E,1,0F21
47,0F,0,0F22
47,0F,1,0F23
47,10,0,0F24
47,10,1,0F25
47,11,0,0F26
47,11,1,0F27
47,12,0,0F28
47,12,1,0F29
47,13,0,0F2A
47,13,1,0F2B
47,14,0,0F2C
47,14,1,0F2D
47,15,0,0F2E
47,15,1,0F2F
47,16,0,0F30
47,16,1,0F31
48,00,0,0F32
48,00,1,0F33
48,01,0,0F34
48,01,1,0F35
48,02,0,0F36
48,02,1,0F37
48,03,0,0F38
48,03,1,0F39
48,04,0,0F3A
48,04,1,0F3B
48,05,0,0F3C
48,05,1,0F3D
48,06,0,0F3E
48,06,1,0F3F
48,07,0,0F40
48,07,1,0F41
48,08,0,0F42
48,08,1,0F43
48,09,0,0F44
48,09,1,0F45
48,0A,0,0F46
48,0A,1,0F47
48,0B,0,0F48
48,0B,1,0F49
48,0C,0,0F4A
48,0C,1,0F4B
48,0D,0,0F4C
48,0D,1,0F4D
48,0E,0,0F4E
48,0E,1,0F4F
48,0F,0,0F50
48,0F,1,0F51
48,10,0,0F52
48,10,1,0F53
48,11,0,0F54
48,11,1,0F55
48,12,0,0F56
48,12,1,0F57
48,13,0,0F58
48,13,1,0F59
48,14,0,0F5A
48,14,1,0F5B
48,15,0,0F5C
48,15,1,0F5D
48,16,0,0F5E
48,16,1,0F5F
49,00,0,0F60
49,00,1,0F61
49,01,0,0F62
49,01,1,0F63
49,02,0,0F64
49,02,1,0F65
49,03,0,0F66
49,03,1,0F67
49,04,0,0F68
49,04,1,0F69
49,05,0,0F6A
49,05,1,0F6B
49,06,0,0F6C
49,06,1,0F6D
49,07,0,0F6E
49,07,1,0F6F
49,08,0,0F70
49,08,1,0F71
49,09,0,0F72
49,09,1,0F73
49,0A,0,0F74
49,0A,1,0F75
49,0B,0,0F76
49,0B,1,0F77
49,0C,0,0F78
49,0C,1,0F79
49,0D,0,0F7A
49,0D,1,0F7B
49,0E,0,0F7C
49,0E,1,0F7D
49,0F,0,0F7E
49,0F,1,0F7F
49,10,0,0F80
49,10,1,0F81
49,11,0,0F82
49,11,1,0F83
49,12,0,0F84
49,12,1,0F85
49,13,0,0F86
49,13,1,0F87
49,14,0,0F88
49,14,1,0F89
49,15,0,0F8A
49,15,1,0F8B
49,16,0,0F8C
49,16,1,0F8D
4A,00,0,0F8E
4A,00,1,0F8F
4A,01,0,0F90
4A,01,1,0F91
4A,02,0,0F92
4A,02,1,0F93
4A,03,0,0F94
4A,03,1,0F95
4A,04,0,0F96
4A,04,1,0F97
4A,05,0,0F98
4A,05,1,0F99
4A,06,0,0F9A
4A,06,1,0F9B
4A,07,0,0F9C
4A,07,1,0F9D
4A,08,0,0F9E
4A,08,1,0F9F
4A,09,0,0FA0
4A,09,1,0FA1
4A,0A,0,0FA2
4A,0A,1,0FA3
4A,0B,0,0FA4
4A,0B,1,0FA5
4A,0C,0,0FA6
4A,0C,1,0FA7
4A,0D,0,0FA8
4A,0D,1,0FA9
4A,0E,0,0FAA
4A,0E,1,0FAB
4A,0F,0,0FAC
4A,0F,1,0FAD
4A,10,0,0FAE
4A,10,1,0FAF
4A,11,0,0FB0
4A,11,1,0FB1
4A,12,0,0FB2
4A,12,1,0FB3
4A,13,0,0FB4
4A,13,1,0FB5
4A,14,0,0FB6
4A,14,1,0FB7
4A,15,0,0FB8
4A,15,1,0FB9
4A,16,0,0FBA
4A,16,1,0FBB
4B,00,0,0FBC
4B,00,1,0FBD
4B,01,0,0FBE
4B,01,1,0FBF
4B,02,0,0FC0
4B,02,1,0FC1
4B,03,0,0FC2
4B,03,1,0FC3
4B,04,0,0FC4
4B,04,1,0FC5
4B,05,0,0FC6
4B,05,1,0FC7
4B,06,0,0FC8
4B,06,1,0FC9
4B,07,0,0FCA
4B,07,1,0FCB
4B,08,0,0FCC
4B,08,1,0FCD
4B,09,0,0FCE
4B,09,1,0FCF
4B,0A,0,0FD0
4B,0A,1,0FD1
4B,0B,0,0FD2
4B,0B,1,0FD3
4B,0C,0,0FD4
4B,0C,1,0FD5
4B,0D,0,0FD6
4B,0D,1,0FD7
4B,0E,0,0FD8
4B,0E,1,0FD9
4B,0F,0,0FDA
4B,0F,1,0FDB
4B,10,0,0FDC
4B,10,1,0FDD
4B,11,0,0FDE
4B,11,1,0FDF
4B,12,0,0FE0
4B,12,1,0FE1
4B,13,0,0FE2
4B,13,1,0FE3
4B,14,0,0FE4
4B,14,1,0FE5
4B,15,0,0FE6
4B,15,1,0FE7
4B,16,0,0FE8
4B,16,1,0FE9
4C,00,0,0FEA
4C,00,1,0FEB
4C,01,0,0FEC
4C,01,1,0FED
4C,02,0,0FEE
4C,02,1,0FEF
4C,03,0,0FF0
4C,03,1,0FF1
4C,04,0,0FF2
4C,04,1,0FF3
4C,05,0,0FF4
4C,05,1,0FF5
4C,06,0,0FF6
4C,06,1,0FF7
4C,07,0,0FF8
4C,07,1,0FF9
4C,08,0,0FFA
4C,08,1,0FFB
4C,09,0,0FFC
4C,09,1,0FFD
4C,0A,0,0FFE
4C,0A,1,0FFF
4C,0B,0,1000
4C,0B,1,1001
4C,0C,0,1002
4C,0C,1,1003
4C,0D,0,1004
4C,0D,1,1005
4C,0E,0,1006
4C,0E,1,1007
4C,0F,0,1008
4C,0F,1,1009
4C,10,0,100A
4C,10,1,100B
4C,11,0,100C
4C,11,1,100D
4C,12,0,100E
4C,12,1,100F
4C,13,0,1010
4C,13,1,1011
4C,14,0,1012
4C,14,1,1013
4C,15,0,1014
4C,15,1,1015
4C,16,0,1016
4C,16,1,1017
4D,00,0,1018
4D,00,1,1019
4D,01,0,101A
4D,01,1,101B
4D,02,0,101C
4D,02,1,101D
4D,03,0,101E
4D,03,1,101F
4D,04,0,1020
4D,04,1,1021
4D,05,0,1022
4D,05,1,1023
4D,06,0,1024
4D,06,1,1025
4D,07,0,1026
4D,07,1,1027
4D,08,0,1028
4D,08,1,1029
4D,09,0,102A
4D,09,1,102B
4D,0A,0,102C
4D,0A,1,102D
4D,0B,0,102E
4D,0B,1,102F
4D,0C,0,1030
4D,0C,1,1031
4D,0D,0,1032
4D,0D,1,1033
4D,0E,0,1034
4D,0E,1,1035
4D,0F,0,1036
4D,0F,1,1037
4D,10,0,1038
4D,10,1,1039
4D,11,0,103A
4D,11,1,103B
4D,12,0,103C
4D,12,1,103D
4D,13,0,103E
4D,13,1,103F
4D,14,0,1040
4D,14,1,1041
4D,15,0,1042
4D,15,1,1043
4D,16,0,1044
4D,16,1,1045
